id,author
1,098
2,11월의봄
3,135
4,210210
5,24k纯二
6,24之海
7,303 planet
8,67층의
9,77家的喵
10,7zip
11,9000 dreams
12,@a-st
13,@word_edit
14,\u202d桃瀬わさび
15,a cat-like fox
16,a fairly wide river
17,a night of green smoke
18,a scholar
19,a thousand letters
20,a wandering heart
21,a99
22,ablfish
23,abusan
24,achi tarou
25,adam aksara
26,aegyodaydreamer
27,aida saki
28,aiken
29,aiki abe
30,ainana hiro
31,aisaka takato
32,ajuma
33,akafuku yamato
34,akagi sen
35,akamaki tart
36,akamaki taruto
37,akamatsu chuugaku
38,akashi kakkaku
39,akashiro aoi
40,akatsuki kana
41,akatsuki senri
42,akayuki tona
43,aki kusanagi
44,akiko
45,akira (日日日)
46,akitsu kyouko
47,akiya ikeda
48,akiyama mizuhito
49,akosiibarra
50,akuno-p
51,ak巧克力
52,al
53,alesana marie
54,ale鎏白
55,alla
56,allen
57,aloha zachou
58,alyloony
59,amagi shuusuke
60,amakasu
61,amamiya akira
62,amano hazama
63,amato yuki
64,amazake no hisago
65,amazingvahn
66,amber
67,amekawa kei
68,anaknirizal
69,anasis
70,anda sadanatsu
71,aneko yusagi
72,angelica sorreda
73,angelina
74,anghulingbaylan
75,animeaddict04
76,anjell
77,anko
78,anonymous
79,anssen fsc augustus
80,antai
81,anzai rika
82,an℟anju
83,ao tu man
84,aoi bandana
85,aoi sekina
86,aoiki strass
87,aoizumi
88,aosaki yugo
89,aoyama minami
90,ao형
91,april_avery
92,aqri
93,arai enji
94,arata
95,arikawa hiro
96,arisawa mamizu
97,armed
98,arrow road
99,asa mikito
100,asato eiri
101,asaura
102,ashitaka
103,ask
104,aska
105,asmaraman s. kho ping hoo
106,asuma risai
107,ateen khalid
108,atsuko asano
109,augenzeuge
110,autumn
111,autumn night listens to the rain
112,aya nishitani
113,ayasato keishi
114,ayatsuji yukito
115,azano kouhei
116,azumi seika
117,b.branch
118,baba okina
119,babi
120,back pass
121,badboyz
122,baek mokran
123,baek yoohyun
124,baeppu
125,bai tian
126,ban ha
127,ban xia fu chen
128,bandana aoi
129,bandou tarou
130,bannbu
131,barata
132,barbara katagiri
133,barbaric shu
134,barbs galicia-jacob
135,basso77
136,bastian tito
137,bean ding ding
138,beauty jiang
139,beneath the lonely mountain tree
140,betelier
141,bi yu
142,bi yuxiao
143,big tail wolf
144,bing xia si ji
145,binibining mia
146,bird shiro
147,bism
148,bittersweet
149,black mud
150,black rabbit
151,black sky
152,blitz kiva
153,blooms flower but doesnt bear fruit
154,blue ocean
155,blue sky washing rain
156,boating lyrics
157,bob ong
158,boh読
159,bokko
160,bonsai tree
161,book bear
162,boots
163,bousou datenchi
164,brainofkeios
165,brazilian pine nut
166,breeze thats never too late
167,bronze coins in pocket
168,brother ling
169,brown sword
170,bubllea
171,burn7
172,burn8
173,b하은
174,cadet
175,canon5813
176,carefree samsara
177,carefree smile
178,carlo zen
179,carp
180,cat baby
181,cecil-hee
182,ceez
183,celestial river god
184,cha eun
185,chao ai xiao zheng tai
186,charlie buaporn
187,charotera101
188,chen fengxiao
189,chen ru tai ping yang
190,cheng jiu
191,cheon eul
192,cheongcho
193,chi mo
194,chiaki kisaki
195,chiffon_cake
196,chihiro fujimori
197,chinese watch
198,chirolu
199,choi ji-in
200,choigangholguh
201,chongshengtong
202,chu yue
203,chufalse
204,chuui
205,city youth
206,ck
207,clearing painting
208,cloel
209,clothes with snow
210,cloud whale soap
211,comfortably trippy
212,cost
213,crazy orange cat
214,crosis
215,cuacua
216,curtaincall
217,cutesy young master
218,cxs
219,cyan sweetheart
220,d
221,dainanson
222,daisuke suzuki
223,dalseul
224,dam hwa gong
225,dan xi
226,daniel蒋
227,dark cloud no rain
228,dark knight
229,daul
230,dawnesque
231,day is too bright
232,daystar
233,da青蛙
234,dd
235,dearmend
236,deathstate
237,dega adi buana
238,demon cat
239,desktop computer
240,devil tail
241,di tu
242,diabolical eggplant
243,difficult 8
244,direk_whamba
245,diyishen
246,dm19
247,dong mi
248,dr. dreamer
249,dr. solo
250,dr.boom
251,dried tangerine
252,drunken tiger
253,duichidak
254,duo duo wu
255,duragle
256,dy冷凍
257,d小调的魔王
258,early october
259,earth-color
260,east sea boar demon
261,eat apples late at night
262,eda
263,edogawa ishin
264,eighteen nights
265,ekz
266,ek巧克力
267,ema kotobuki
268,emperor song
269,empty evergreen
270,enchanting little meow
271,endou asari
272,enomoto kaisei
273,enoshima suzu
274,er mu
275,erbao angel
276,erix arthur
277,eternal era
278,eun jiyun
279,evolution of ten updating beasts
280,fallen leaf turned loner
281,fang mo
282,fanma kato megumi
283,fatty who doesnt eat ginger
284,fbi경고
285,fei gu niang
286,feng ling
287,feng rui
288,feng yang
289,final eternality
290,fish leaping to the peak
291,flatter
292,flawless
293,flower in shade/ri-ne
294,flowered
295,flowers havent bloomed
296,flying snow demon
297,fox raccoon
298,freaknapusa
299,fresh 果果
300,fresh果果
301,frost
302,frustratedgirlwriter
303,fu jiu
304,fuhua
305,fuji maru
306,fujimoto tohru
307,fujisaki miyako
308,fujisaku junichi
309,fujitani touko
310,fujiwara yuu
311,fukakutei waon
312,fukami makoto
313,fuki no sei
314,fukisaki ayuna
315,fukui harutoshi
316,fukuyama harushi
317,fuminori teshima
318,fummy
319,funa
320,funky cupcakes
321,furong jiejie
322,fushimi tsukasa
323,fuyuhara patora
324,fuyuno jinko
325,ga
326,gackt
327,gandara
328,gangdo
329,gangudou
330,gazebo
331,giant mysterious watermelon
332,gibson
333,girl in short skirt
334,goikeda shin-ya
335,goinkyosama
336,gongsun xiaoyue
337,gora
338,gou shiira
339,green apricot of the north
340,green tea
341,gu long
342,gu mushuang
343,gu xiao
344,guan jiu bian
345,guan qi
346,gumran
347,guo jingming
348,gwa-aen
349,hajime kamoshida
350,hajime kanzaka
351,hajime ninomae
352,hajime taguchi
353,halsan
354,han geng
355,han mint
356,hanaki momiji
357,hanama tomo
358,haneda daisuke
359,hani
360,happy day and night
361,harada gengorou
362,harakuro
363,harry john s. ducena
364,harukazetokomorebi
365,hase satoshi
366,hasekura isuna
367,hashimoto tsumugu
368,hatsuno sei
369,haveyouseenthisgirl
370,headphone samurai
371,heart yngrid
372,heila
373,heisei owari
374,heng sao tian ya
375,heptaleaf hibiscous
376,hermod
377,hh木头人
378,hi-104
379,hideki uryu
380,higashiyama akira
381,higure minto
382,hikaru
383,hikaru sugii
384,hirabayashi sawako
385,hiro
386,hiroshi mori
387,hiroshi sakurazaka
388,hiroshi seko
389,hirou konpai
390,hishi kage dairi
391,hitoneko
392,hitoshizuku-p
393,hizen fumitoshi
394,hk
395,honda makoto
396,honeyworks
397,hong hee su
398,hong jung-hoon
399,hori shinjirou
400,hoshikawa ginga
401,hoshino ryou
402,hosoda mamoru
403,hua chang
404,hua lou
405,hua qi
406,huo fangpan
407,huoshugaga
408,hwaun
409,hystg
410,hàn yên thúy
411,i am actually a cute lemon
412,i have a big treasure chest
413,i.g
414,iamjaelopez
415,icanit.a.cho
416,ichiei ishibumi
417,ichiho michi
418,ichikawa tamaki
419,ichinichi senji
420,idea factory
421,igarashi yusaku
422,iida kazutoshi
423,ikehata ryo
424,ikkai inubousaki
425,ikkuiku
426,ilana tan
427,im not me
428,immortal amidst snow in july
429,immuseong
430,inaka dachima
431,inaniwa jun
432,indrytimes
433,infinite fire
434,infinite longing
435,inflated gugugu
436,initially
437,innocent dragonet
438,inoue kenji
439,inoue makoto
440,iri satsuki
441,irie kimihito
442,iroha
443,isaya
444,ise katsura
445,ishida rinne
446,ishikawa hiroshi
447,ishinomiya kanto
448,ismi fa ismail
449,isuzu arima
450,iwanami ryo
451,j112233
452,jadeite
453,jaehee yoon
454,jaehoo park
455,jae~love
456,jayvon2098
457,jeanmugan
458,jeong seon-woo
459,jeonryeongga
460,jezz
461,jho hyo-eun
462,ji cha
463,ji mo asan
464,jian xi
465,jian yi si jian
466,jiang beauty
467,jiang liuyun
468,jiang nan mu yu
469,jiao hua qing jiu
470,jie po
471,jin beom
472,jin yong
473,jing ling xiao miao
474,jinno mitsunori
475,jinsuk
476,jiro
477,jk리아
478,joo-an lee
479,josie salazar
480,jt7474
481,ju hyeon
482,jun xiu cai
483,juneyyyy
484,jung joon shin
485,junjou dreams
486,junsol
487,jupiter
488,jupiter studio
489,jy02927934
490,jyjirah
491,jyumonji ao
492,j神
493,k tfaith
494,k. 석우
495,kabei yukako
496,kadono kouhei
497,kafka asagiri
498,kai
499,kai huang
500,kai tohru
501,kaibara rei
502,kaidou sakon
503,kairi aragusuku
504,kaitou reiji
505,kakurou
506,kamifuusen
507,kaminaga manabu
508,kamitsuki rainy
509,kamiya yuu
510,kan
511,kana
512,kanae shimokawa
513,kanazawa nobuaki
514,kanekiru kogitsune
515,kang cheol-mil
516,kang hada
517,kang miju
518,kang zhongren
519,kannagi satoru
520,kanou shinta
521,kaoru
522,kaoru hayamine
523,kaoru iwamoto
524,karate
525,karumi ayumu
526,kasa sakaki
527,kasuga hamamatsu
528,kasuga mikage
529,kasukabe takeru
530,katanakaji
531,kataoka naotaro
532,katayama kentarou
533,katayama kyoichi
534,katou kazue
535,katsu
536,katsura kasuga
537,kawabata junichi
538,kawaguchi tsukasa
539,kawakami minoru
540,kawasaki hiroyuki
541,kaya kizaki
542,kazuki sakuraba
543,kazumi maki
544,kazutoshi mikagami
545,kei amagi
546,ken
547,keni
548,kenji kube
549,kenji saitou
550,kenkyo na circle
551,kennoji
552,key
553,keyprca
554,keys of ten years
555,kihara yu
556,kiki
557,kim chon ji
558,kim daewoo
559,kim gwang-su
560,kim jae-han
561,kim jung-ryul
562,kim ro ah
563,kim wolhui
564,kimino sakurako
565,kimoto masahiko
566,kimpa
567,kimura shinichi
568,kineko shibai
569,king demigod
570,king maker
571,king of torches
572,kinoshita nakui
573,kinosuke naito
574,kishi haiya
575,kishi yusuke
576,kiss兔爷
577,kisugi naoki
578,kitatu
579,kiyuna toto
580,klbb
581,kmy
582,kobashiri kakeru
583,kobayashi yuji
584,koda gakuto
585,kodachi ukyou
586,koike mariko
587,koma
588,komanchi
589,komao mako
590,konno oyuki
591,konohara narise
592,koshu
593,kotoko ayano
594,kotoko hachijou
595,kougyoku izuki
596,koyama hidekazu
597,koyasu hideaki
598,kt60
599,kuga arika
600,kurasu piero
601,kurata hideyuki
602,kuriki shinobu
603,kuroi heiho
604,kurosaki atsushi
605,kurumi
606,kusakabe yoshio
607,kushiro tarō
608,kusutani tasuku
609,kuwabara mizuna
610,kyouhei iwai
611,kyouzuka maruo
612,kō hiratori
613,k汰18
614,l.jun
615,lanella
616,langya shu
617,lao shi
618,lao zhu
619,larza
620,last note.
621,lavender blue
622,lazy bird
623,lazy cat drawing
624,lazysheep
625,leah
626,lee amin
627,lee daoran
628,lee hyun bi
629,lee jihye
630,lee jungmin
631,lee kyung hoon
632,lee太白
633,lee하연
634,lemon honey
635,lexie xu
636,li hongtian
637,li nannan
638,li shengxia
639,li tian wang liang
640,liang bufan
641,lianjing zhuyi
642,liaowumian
643,light tuchihi
644,lightwars
645,lim dall-young
646,lim kyung-bae
647,linea-lucifer
648,lingbahh
649,liu meng
650,loeva
651,lord of night city
652,lou nan
653,lu fei
654,lukezrc
655,luo er meng
656,luo ziyun
657,luz balthasaar
658,lysultima
659,l泗x汐y
660,m-kawa
661,ma jia nai fu yun
662,ma-no
663,mad blade during troubled times
664,madder
665,magical rain
666,maiky
667,maisaka kou
668,maki murakami
669,mako komao
670,makoto sanda
671,makoto shinkai
672,male horse818828
673,mamiyasai
674,mango man
675,manxi
676,manyong
677,maple frost
678,mari okada
679,maria
680,mark talento (@mhtalento)
681,maro
682,maruto fumiaki
683,maruyama kugane
684,masada takashi
685,masahiro hikokubo
686,masaki hiro
687,masaki masamune
688,masanimasa
689,masato saitou
690,masayuki abe
691,masayuki yano
692,master minesweeper
693,master stepping on snow
694,masuo kinoko
695,matsu tomohiro
696,matsuda miyu
697,matsuno akinari
698,matthia
699,mayhard205
700,mcenroe
701,meikyou shisui
702,meiqiang binglian
703,mekka pakka
704,meliyu
705,mellow boy
706,meng luo ting die
707,meringāta
708,mi bao
709,mia
710,midnight gusu
711,midnight iced
712,midori kiriyama
713,midori yuma
714,miduki satori
715,mie
716,mihara mitsuki
717,mijia
718,mikage eiji
719,mikami teren
720,mikawa miri
721,miki nazuna
722,mikumo gakuto
723,min ran
724,minase
725,minase hazuki
726,ming jian
727,ming qian yu hou
728,ming xiao xi
729,minikikaboo
730,mino
731,mint choc
732,miracle prayer
733,misaki nagi
734,mishima chihiro
735,misia
736,mita masahiro
737,mitama aizawa
738,mitsuba sora
739,mitsuse ryuu
740,miwa kiyomune
741,miwashiba
742,miyama kunoe
743,miyazaki hayao
744,miyazaki yuu
745,miyazawa tatsuki
746,mizuhito akiyama
747,mizuno ryo
748,mizusawa yume
749,mizushiro mizuki
750,mj
751,mo bao fei bao
752,mo chen
753,mo qianlan
754,mo qianyi
755,mo shang wang
756,mo touxi
757,mo yan
758,mo yan shang
759,mochizuki yue
760,momo sakura
761,mongsu
762,mono tamao
763,mon쉘
764,moon shadow like meow
765,mori hiroshi
766,mori takeshi
767,mori tetsuya
768,mori toshimichi
769,morihashi bingo
770,morimoto aki
771,morininlove
772,morioka hiroyuki
773,moroboshi yuu
774,mortal demon
775,mr.dei
776,mr.ペンペングサ
777,mr.初雪
778,mrbluesky
779,ms芙子
780,mu jiuzhou
781,mu rufeng
782,mu touxi
783,muku bunchou
784,murai sadayuki
785,murakami rin
786,murakami takashi
787,murimi
788,muromura
789,myungyun
790,na-ga
791,nadia khan
792,nagashima hiroaki
793,nagasone mojito
794,nagatsuki touka
795,nahaato
796,nahco3
797,nakame
798,nakamura koujirou
799,nam heesung
800,nama
801,namekojirushi
802,nanase mio
803,nanatsuki takafumi
804,nanfeng fuyue
805,naoto asahara
806,narimiya yuri
807,narita ryohgo
808,narita yoshimi
809,naruhisa arakawa
810,naruse kano
811,naruto kiriyama
812,nasu kinoko
813,natsu midori
814,natsui aya
815,natsuki aoi
816,natsume miya
817,natsumi kohji
818,natsuni kotatsu
819,natsuno chiyori
820,nattou gohan
821,neko kamisaka
822,neko kouichi
823,nekojishi koneko
824,nekomaru
825,nekomata nuko
826,nekomori mew
827,neleta
828,netknight
829,newspaper boy
830,nguyen nhat anh
831,ni chengcheng
832,ni tian er shang
833,nico酱
834,night thirteen
835,night whispering
836,nights pure song
837,nijigen-kun
838,niluo
839,nine nine three
840,ningen mukotsu
841,ninth kingpin
842,nishi
843,nishino katsumi
844,nishizaki megumi
845,nisio isin
846,no13沈
847,noh kyungchan
848,nojiri hōsuke
849,nomura tetsuya
850,noname
851,nonami asa
852,nonerve
853,noritake tao
854,north sea whale shepherd
855,not a floating cloud
856,nozomi kota
857,nyonnyon
858,nz
859,obiyeah
860,ochiai yukari
861,odou akihiko
862,ogata seishi
863,ogiwara noriko
864,ohba tsugumi
865,ohnogi hiroshi
866,okayu masaki
867,okazawa juzen
868,okita eiji
869,okky madasari
870,old gao
871,one step to mundane
872,onetwo01
873,onikage supana
874,only im gorgeous
875,onogami meiya
876,ooji kouji
877,ootorino kazuma
878,ooty
879,open
880,ora-sama
881,osaki tomohito
882,oshou
883,otori-chan
884,otsuichi
885,our dagger
886,overjungwoogi
887,oyamano mano
888,o滴神
889,o苍白o
890,pai-chan
891,pander
892,paripori donabe
893,park jae hoo
894,park saenal
895,park sung yun
896,park taesuk
897,payaso
898,paz
899,pei xing
900,penguinlord
901,penpapaerandme
902,pentabu
903,pepa
904,persona
905,piao ling huan
906,pickled vegetables in jar
907,pig sanbu
908,pinayblonde
909,pine tree
910,podos
911,ponta
912,pre64
913,premchand
914,priest
915,prisca primasari
916,purple lemon
917,purple or blue
918,purple peony
919,purple soul
920,purple-red beauty
921,purpleyhan
922,purpleyhan (ann lee)
923,qi xi
924,qiang wei chu xue
925,qiangong
926,qiao yi
927,qin shuangshuang
928,qing cheng xiao
929,qing huaran
930,qing yan yi ye
931,qing yao
932,qingkong xilan
933,qiqis family deer
934,qiye kai wen
935,quiet forest
936,r rex
937,rabbitriver
938,rainy
939,raison
940,rana
941,ranjou riku
942,ratish
943,rayne mariano
944,really stupid old man
945,red pepper afraid of spicy
946,rei ko
947,rei rairaku
948,rekshu
949,ren wo xiao
950,renji ohki
951,retrospect
952,retusme
953,reutzee
954,rice balls a good round
955,rice rookie
956,richard roe
957,rika
958,rina shito
959,rinno hatsu
960,road of flowers
961,roboblitz
962,rock panic
963,roka
964,rotoio
965,roy
966,ruka kimura
967,runabi
968,ryoma
969,ryosuke maki
970,ryou kawakami
971,ryou suzukaze
972,ryu jin
973,ryuunosuke higashi
974,ryuusen hirotsugu
975,ryuyu_
976,s
977,s.h. mintardja.
978,sad soul
979,sadaka
980,sadamu yamashita
981,sadly crying soul
982,saitou kenji
983,saitousa
984,sakaki ichirou
985,sakura uta
986,sakuraba kazuki
987,sakurai masamune
988,sakyou jun
989,salted fish jienan
990,samk
991,sancheon
992,sanda makoto
993,sangetsuki
994,sanmao wu
995,sanshang kangming (三上康明)
996,sanshili
997,sarai shunsuke
998,sasaki ichiro
999,sasaki sakuma
1000,sasamoto yuichi
1001,satake akinori
1002,satake gum
1003,sato
1004,sato yuya
1005,satou takako
1006,saya yuki
1007,sayren
1008,schuld
1009,seasons
1010,seino gorou
1011,seino sei
1012,sekiguchi
1013,sekimura imuya
1014,self-cultivation
1015,seno gumira ajidarma
1016,seo min-ji
1017,seo tsukasa
1018,seto yuuichi
1019,setsugekka
1020,seventeenth zither
1021,sh
1022,shadow on the moon
1023,shallow gentleman
1024,shao han
1025,shaskya dwi
1026,shawn tanaka
1027,shen chu gu yi
1028,sheng sheng has a city
1029,shi ding rou
1030,shi gen yuan fang
1031,shi jie
1032,shi tianfeng
1033,shi yumeng
1034,shiba
1035,shibamura yuri
1036,shiino miyuki
1037,shiizaki you
1038,shikabe masayuki
1039,shiki
1040,shimura kazuya
1041,shindou jr. kazuhiko
1042,shinichi kimura
1043,shino
1044,shinobumaru
1045,shinozaki kaoru
1046,shiori ōta
1047,shirakami mashiro
1048,shirakawa sana
1049,shiryu
1050,shiwasu tooru
1051,shiyo
1052,shizen no teki-p
1053,shizukawa tassou
1054,shogo muto
1055,shuhdoh rena
1056,shui lanan
1057,shui quan
1058,shumon yuu
1059,shy maple leaf
1060,sidekaraktergendut
1061,sin guilty
1062,sincere writer
1063,sisimo
1064,sister doll
1065,siti nur soleha
1066,siya
1067,skyray descriptor
1068,skyscraper
1069,slashing blade
1070,slicing water ii
1071,slight uplifting
1072,slkn
1073,snow marks
1074,snowhite nalan
1075,snowic
1076,so kamishiro
1077,soaring wing
1078,sokin
1079,sola
1080,solddam
1081,son jae-ho
1082,song xiaojun
1083,song xixi
1084,song yang
1085,sonia francesca
1086,soo yu hyun
1087,sora usagi
1088,sorachi daidai
1089,soul wind
1090,southern wind
1091,soy
1092,spirit火
1093,ss侍
1094,starlight
1095,starry sand
1096,steel bambou
1097,stein
1098,stone three
1099,stormdevil
1100,strawberry008
1101,stroke
1102,su qinger
1103,su su su ru yi
1104,su yue xi
1105,su yunjin
1106,su zihuan
1107,suebashi ken
1108,suga hiroe
1109,sugano akira
1110,sugaru miaki (fafoo)
1111,sugihara rio
1112,sugiyama ryuu
1113,suisei
1114,suki pot
1115,sumisawa katsuyuki
1116,sunagi izumo
1117,sunflower seeds eater
1118,superpanda
1119,susu
1120,suzuki daisuke
1121,suzuki hisashi
1122,suzuki shingo
1123,suzuki suzu
1124,suzuki takaaki
1125,suzumu
1126,suzunoki kuro
1127,sweet chirp
1128,sweet sago
1129,sweet seven
1130,sweetie pie
1131,sweets flood
1132,swind
1133,syaihan syafiq
1134,syousa
1135,syuukichi
1136,taguchi sennendou
1137,takabayashi tomo
1138,takachiho
1139,takada den
1140,takahashi ryousuke
1141,takahashi yashichirou
1142,takahashi yuya
1143,takahiro
1144,takami kazuyuki
1145,takami koushun
1146,takao riichi
1147,takaoka mizumi
1148,takase nazuna
1149,takase yunoka
1150,takaya kagami
1151,takayama liz
1152,takayama seiichi
1153,takeda ayano
1154,takehaya
1155,takekuni kitayama
1156,takemiya yuyuko
1157,takeru uchida
1158,takeshi matsuyama
1159,taki
1160,takizawa kei
1161,takizawa souji
1162,tamaki yura
1163,tamami
1164,tamar jalis
1165,tamari
1166,tamayura
1167,tamori yosuke
1168,tanaka nijusan
1169,tanaka yoshiki
1170,tanba
1171,tang bulin
1172,tang zai er
1173,tani mizue
1174,tanigawa nagaru
1175,tansan
1176,tarou hitsuji
1177,tasdiparoa
1178,tatsuhiko takimoto
1179,tatsunoko tarou
1180,tatsuya hamazaki
1181,ten
1182,ten lite novel
1183,ten murata
1184,teniwoha
1185,tenka
1186,tere-liye
1187,teshima fuminori
1188,tetometo
1189,the emperor
1190,the eternal green lotus
1191,the final fool
1192,the suckling pig
1193,the taoist takes all
1194,the windy cabbage
1195,there were fishes last night
1196,three rows of books
1197,threehyphens
1198,thy falling flowers
1199,time seaweed
1200,timetowatchanime
1201,tinadannis
1202,todol
1203,tohma
1204,tohru hayama
1205,tokiumi yui
1206,toma rei
1207,tomino yoshiyuki
1208,tomo kataoka
1209,tong fei
1210,tonkye
1211,tono haruhi
1212,torako
1213,torakoneko
1214,toru wakai
1215,toshihiko tsukiji
1216,totsuki yuu
1217,touichirou kawashima
1218,touma yumi
1219,touno mamare
1220,triangle emperor
1221,trickypencil
1222,tripod
1223,tsubaki himana
1224,tsuda houkou
1225,tsukiji toshihiko
1226,tsukiyuki hana
1227,ttt
1228,tuanyuan
1229,twentine
1230,type-moon
1231,tōka takei
1232,ubukata tow
1233,uchida hiroki
1234,udajo
1235,uehashi nahoko
1236,ueo hisamitsu
1237,uetake sumio
1238,ugly up to the depths of my soul
1239,umehara eiji
1240,umetane
1241,umi
1242,unagi
1243,unchanging heart
1244,unfinished circle
1245,unknown
1246,unkown
1247,uno bokuto
1248,urobuchi gen
1249,usa naraharu
1250,usber
1251,used
1252,uyr yama
1253,uzuki yagi
1254,various
1255,vermillion bird’s solo flight
1256,vetobo
1257,violet rain
1258,vivibear
1259,vortex
1260,w1363197973
1261,wakamiya shinobu
1262,wakatsuki hikaru
1263,wan douwei
1264,wan ye xing cheng
1265,wangyue cunya
1266,wankosoba
1267,warm suns first sacrifice
1268,waruichi
1269,watashi soichiro
1270,watering horse while gazing at qinchuan
1271,wen qianye
1272,wendy诶呀
1273,weng liuli
1274,wenyu su
1275,white day
1276,white horse fading away
1277,willbrite
1278,willow\xa0twig
1279,wing
1280,wingying
1281,wise wind
1282,wistfulpromise
1283,wo shi ge xiao hei niu
1284,woo sung
1285,world with one sword
1286,wriggler
1287,writing quietly
1288,writingismysecret
1289,wtw1974
1290,wu ying wu zhong
1291,wu-hyuk lee
1292,xi meng
1293,xi yan
1294,xia harp
1295,xia wanying
1296,xiang wei xing zhe
1297,xiang zi
1298,xiangnuan an
1299,xiao chun
1300,xiao ni zi
1301,xiao wu
1302,xizi love
1303,xián dàn boy
1304,xu lei
1305,xu xiaodou
1306,xuanxian
1307,xun cao
1308,xxdeprimido
1309,y.a
1310,yachimata ayumu
1311,yajima sara
1312,yakou hana
1313,yakumohilker
1314,yamadanaka mikiya
1315,yamagata ishio
1316,yamaguchi noboru
1317,yamane ayano
1318,yamashina aoi
1319,yamato takahiro
1320,yamazaki risa
1321,yan luo
1322,yan zi yan
1323,yanagi kouji
1324,yanagimi touki
1325,yanagino kanata
1326,yanai takumi
1327,yang seung hoon
1328,yano takahashi
1329,yano takashi
1330,yao yao xian er
1331,yao yao zhi xin
1332,yao ye
1333,yasuda hitoshi
1334,yasugi masayoshi
1335,yasukiyo kotobuki
1336,yasushi date
1337,yasutaka tsutsui
1338,yazu yasoniwa
1339,ye sung
1340,ye teng
1341,ye zhifan
1342,yi man
1343,yi shaolong
1344,yi-deung-byeol
1345,yin si
1346,yir
1347,ynativity
1348,yo asahi
1349,yocco
1350,yoino yume
1351,yomoji otono
1352,yonezawa honobu
1353,yoo han ryeo
1354,yoo na jin
1355,yoo seong
1356,yoon hyun seung
1357,yorozuya tadahito
1358,yoru sumino
1359,yoshiaki inaba
1360,yoshida sunao
1361,yoshihara rieko
1362,yoshinobu akita
1363,yoshiyuki tomino
1364,young master dong
1365,your唯
1366,yu kudo
1367,yu ning chu
1368,yu qijiu
1369,yu qing
1370,yu-ri
1371,yudzuki seiya
1372,yue ban jiao zhu
1373,yuin
1374,yujima ran
1375,yukidaruma
1376,yukino sai
1377,yukishiba tetsu
1378,yukiya murasaki
1379,yume kazama
1380,yumemakura baku
1381,yumizuru izuru
1382,yun ruozhu
1383,yunsul
1384,yuqiao watches the sea
1385,yura hikaru
1386,yuuji yuuji
1387,yuuki karaku
1388,yuuki mitsuru
1389,yuuki rin
1390,yuuri
1391,yuusaku sakaishi
1392,yuzu
1393,zaksalking
1394,zaou taishi
1395,zappa go
1396,zeng xiaowei
1397,zero big
1398,zero wind
1399,zeroki
1400,zerulr
1401,zhang jiajia
1402,zhi niao cun
1403,zhong yuan wu bai
1404,zhttty
1405,zi wushang
1406,zig
1407,ziggy zezsyazeoviennazabrizkie
1408,zip少輔
1409,zod
1410,zombie dance
1411,zoody
1412,zszz
1413,zun
1414,ทวิณ
1415,ท่านโซ
1416,ปลากระพงทอด
1417,ปากกาขนดำ
1418,เจ้าถั่วดำ
1419,강철민
1420,리샤
1421,바나바스
1422,ញ៉ុក ថែម
1423,△ix
1424,❤sweet灬dream❤
1425,あいだ
1426,あかい
1427,あかさ001
1428,あさぎ\u3000かな
1429,あさの ハジメ
1430,あざね
1431,あし
1432,あすか
1433,あすま理彩
1434,あずみ圭
1435,あまうい白一
1436,あまさきみりと
1437,あみにあ
1438,あらおし悠
1439,ありきた
1440,ありんす
1441,あろえ
1442,あわむら赤光
1443,あボーン
1444,あヴぁろん
1445,あーもんど
1446,あーりす
1447,いかぽん
1448,いつきみずほ
1449,いつき旧太郎
1450,いのり。
1451,いむらま
1452,うさぎやすぽん
1453,うさこ
1454,うすいかつら
1455,うたとわ
1456,うるめいわし
1457,えぞぎんぎつね
1458,えと丸
1459,えぴな
1460,えりー
1461,える
1462,えろい人
1463,えんどれす
1464,おかざき登
1465,おかゆまさき
1466,おけまる
1467,おけむら
1468,おしゃかしゃまま
1469,おとら
1470,おぼろ
1471,おもちさん
1472,かいな
1473,かきくけ虎龍
1474,かくろう
1475,かぐや
1476,かじ
1477,かすがまる
1478,かすてら
1479,かたなかじ
1480,かつび 圭尚
1481,かなん
1482,かばやきだれ
1483,かみや
1484,かわた
1485,かんなぎ
1486,かんなづき
1487,がおう
1488,きなこもち
1489,きなこ軍曹
1490,きみどり
1491,きゃる
1492,きりえ
1493,くさもち
1494,くずもち
1495,くまがい（水城）
1496,くまなの
1497,くろい
1498,くろかた
1499,くろわっ」さん
1500,ぐり
1501,こいし
1502,こうじ
1503,こおりあめ
1504,ことぶきわたる
1505,このはなさくや
1506,この茶
1507,こばやん２号
1508,こびとのまち
1509,こまこま
1510,こまの柚里
1511,こま猫
1512,こりんさん
1513,ころ太
1514,こんどうさん
1515,ごろごろみかん。
1516,さかい 濱
1517,さかきいちろう
1518,さがら総
1519,さき
1520,さくらぶし
1521,ささきさき
1522,ささやか椎
1523,さてら☆いと
1524,さとう
1525,ざっぽん
1526,しき
1527,しきみ彰
1528,しっちぃ
1529,しっぽタヌキ
1530,しましまにゃんこ
1531,しまもん
1532,しめさば
1533,しょぼんぬ
1534,じゃがバター
1535,じゃき
1536,すかいふぁーむ
1537,すず
1538,すずき あきら
1539,すずしろ侘助
1540,すずと
1541,すてふ
1542,すらいむれべるいち
1543,ずーちゃ
1544,せい
1545,せいじ
1546,せららん
1547,そらのあお
1548,そら・そらら
1549,たかた
1550,たかなしポン太
1551,たすろう
1552,たっくるん
1553,たまごかけキャンディー
1554,たままる
1555,たむたむ
1556,たろ
1557,ちゃつふさ
1558,ちょきんぎょ。
1559,ちんくるり
1560,ちーすり
1561,つがん
1562,つちせ八十八
1563,つちのこ
1564,つばこ
1565,でぃふぃーと
1566,でれすけ
1567,とうや
1568,とけきったけーひすみ
1569,としぞう
1570,とはるみな
1571,とぱぞねす
1572,とびらの
1573,とまとすぱげてぃ
1574,とりまる
1575,とんし
1576,とーわ
1577,どぜう丸
1578,どまどま
1579,どらねこ
1580,ど根性大根
1581,なかしまえり
1582,なこはる
1583,ななおくちゃん
1584,ななめ
1585,ななめ44°
1586,なのらぶ
1587,なまくら
1588,なまず太郎
1589,なみあと
1590,なめこ汁
1591,なんじゃもんじゃ
1592,にくうどん
1593,にのまえ あきら
1594,にゃんきち
1595,にゅん
1596,にらもやし
1597,ぬるま湯
1598,ねずみの涙
1599,のしぶくろ
1600,のの原兎太
1601,のは
1602,のんb
1603,はいあか
1604,はせがわみやび
1605,はち
1606,はな
1607,はなぶさ
1608,はにゅう
1609,はむばね
1610,はりねずみ
1611,はるのいと
1612,はーみっと
1613,ばるさみこす
1614,ばんくる
1615,ひだまり
1616,ひつじかい
1617,ひのと
1618,ひふみしごろ
1619,ひよこのケーキ
1620,ひるねこ
1621,ぴっくぴく
1622,ぴよこ
1623,ふぅ
1624,ふか田さめたろう
1625,ふじま 美耶
1626,ふなず
1627,ふーろう/風楼
1628,ぶちぬきうどん
1629,ぶんころり
1630,ぷにちゃん
1631,ぺぺ
1632,ぺもぺもさん
1633,ぺるがもん
1634,ぺんぎん
1635,ほげ山くん
1636,ほのぼのる500
1637,ほむら
1638,ほわいとなきのこ
1639,ほーち
1640,ぼた餅
1641,ぽいずん
1642,ぽいぽい
1643,ぽっぽ
1644,ぽん酢
1645,まいまい
1646,まいん
1647,まきしま鈴木
1648,まきばちゃん
1649,まきぶろ
1650,まくら
1651,まぐろ猫＠恢猫
1652,まこ
1653,まさなん
1654,まさみティー
1655,まじかり
1656,まつかく
1657,まみや ろも
1658,まめちょろ
1659,まめ太郎
1660,まるせい
1661,まー
1662,みかづき紅月
1663,みかど鉄狼
1664,みかみてれん
1665,みかんゼリー
1666,みこと
1667,みずつき
1668,みそたくあん
1669,みなみ
1670,みのろう
1671,みやしろちうこ
1672,みょんみょん
1673,みりぐらむ
1674,みるくてぃー
1675,みわもひ
1676,むい
1677,むつきみやま
1678,むら
1679,むらさきゆきや
1680,むらべ\u3000むらさき
1681,もち
1682,もちだもちこ
1683,もちもち物質
1684,もっこりーぬ伯爵
1685,ももよ万葉
1686,もり
1687,やおいさん
1688,やしろ
1689,やしろ慧
1690,やとぎ
1691,やま
1692,やまだのぼる
1693,ゆいレギナ
1694,ゆうき
1695,ゆきのふ
1696,ゆな
1697,ゆなか
1698,ゆーり
1699,よしふみ
1700,よっしゃあっ！
1701,よなぷー
1702,よりより
1703,らいと
1704,らきるち
1705,らむなべ
1706,らんどう
1707,りるか
1708,りんぐ
1709,りんごちゃん
1710,りんご飴ツイン
1711,わい.おう
1712,わい／三嶋\u3000与夢
1713,わかつき ひかる
1714,わるいおとこ
1715,わるいバケツ
1716,わんた
1717,アキライズン
1718,アサヒ
1719,アステリオス
1720,アスミ
1721,アナルカン
1722,アニッキーブラッザー
1723,アネコユサギ
1724,アマナ
1725,アマラ
1726,アルト
1727,アルトワ
1728,アルト／遥月
1729,アロハ 座長
1730,アロハ座長
1731,アンミン
1732,アーロンスキー
1733,イカ墨
1734,イクヒト
1735,イシミヤ
1736,イズシロ
1737,イチゴバナナバターチキンカレーライスお嬢様
1738,インド人を右へ
1739,インド人嘘つかない
1740,ウェルザンディー
1741,ウスバー
1742,ウメ種
1743,エイ
1744,エエナ・セヤロカ・ナンデヤ
1745,エストレヤ
1746,エノキスルメ
1747,エパンテリアス
1748,オカモト タカヒロ
1749,オクラいなり
1750,カイト・レイン
1751,カエル
1752,カズキ@ゲームplay中なう
1753,カタナヅキ
1754,カプチーノ
1755,カマン
1756,カヤ
1757,カラカラ/空松蓮司
1758,カラユミ
1759,カワサキ萌
1760,カン
1761,カンチェラーラ
1762,カール
1763,ガチャ空
1764,ガノ
1765,キキ
1766,キミマロ
1767,キャラ文庫
1768,キャロルイス
1769,キョウキョウ
1770,クリスタラー桜井
1771,クリストファー
1772,クレハ
1773,クロ
1774,クロミレイ
1775,クロロフィル
1776,グレブナー基底大好きbot
1777,ケルビム
1778,ケンイチ
1779,ケンノジ
1780,コイコイ
1781,コイル
1782,コウタ
1783,コオリ
1784,コモンレール
1785,コル
1786,コレアンダー
1787,コンペイトウ
1788,コーダ
1789,コーチャー
1790,コールドパンチ
1791,コー藤真
1792,ゴエモン
1793,サイトウアユム
1794,サインズ
1795,サウスのサウス
1796,サカモト666
1797,サケ/坂石遊作
1798,サザンテラス
1799,サンキューカッス
1800,サンマグロシホタテ
1801,シクラメン
1802,シゲ
1803,シュウ
1804,シュレーディンガーの猫
1805,ショタが好きなお姉さん
1806,シロヒ
1807,シンギョウ ガク
1808,シ・ガレット
1809,ジツヤイト
1810,ジャジャ丸
1811,ジュピタースタジオ
1812,スケブ
1813,スズヤギ
1814,スタイリッシュ警備員
1815,スタジオ.ｔ
1816,スフレ
1817,スプマリ
1818,スライム
1819,ゼロ竹
1820,タカハシあん
1821,タケノコ
1822,タコス/イカ飯
1823,タコ焼き太郎
1824,タピオカ
1825,タンサン
1826,タンバ
1827,ダイスケ
1828,ダイヤモンド
1829,ダンジョンマスター
1830,チカフジ ユキ
1831,チョコカレー
1832,ツカサ
1833,デンスケ
1834,トネ・コーケン
1835,トマホーク
1836,トルトネン
1837,ドヨ破竹
1838,ナカノムラアヤスケ
1839,ナギ
1840,ナナカ・かずね
1841,ナナシ
1842,ナハァト
1843,ナフセ
1844,ナユタ
1845,ニコル
1846,ニャンネコ大尉
1847,ネコクロ
1848,ネコ太郎
1849,ノドグロ
1850,ハシバ柾
1851,ハセガワ ケイスケ
1852,ハッピー
1853,ハム男
1854,ハヤカワウカ
1855,ハヤケン
1856,ハヤブサ
1857,ハルマキ
1858,ハーーナ殿下
1859,パウロ・ハタナカ
1860,パルメ
1861,ビス
1862,ピッチョン
1863,ファイアージュ
1864,ファースト
1865,フーツラ
1866,ブッポーソー
1867,ブラック木蓮
1868,ブロッコリーライオン
1869,ヘロー天気
1870,ベガベガ
1871,ベキオ
1872,ベニサンゴ
1873,ホシガミ・ヌエ＆アンネリリーゼ
1874,ポリ 外丸
1875,マオ
1876,マキ
1877,マキノ
1878,マサイ
1879,マチバリ
1880,マナシロカナタ (かなたん)
1881,マナシロカナタ（かなたん）
1882,マライヤ・ムー
1883,マリパラ
1884,マルコ
1885,マルチロック
1886,ミイ
1887,ミサキナギ
1888,ミズコー
1889,ミズメ
1890,ミヤ
1891,ミンカンスキー
1892,ムンムン
1893,メイリ
1894,メソポ・たみあ
1895,モミアゲ雪達磨
1896,モロコロス
1897,モンゴル土手歩兵
1898,ユーキャン
1899,ヨモギノ
1900,ヨルノソラ
1901,ラズベリーパイ
1902,ラチム
1903,ラバン合板
1904,ラブテスター
1905,ランプ
1906,リッキー
1907,リモコン
1908,リュート
1909,リョータイ
1910,リラックス@ピロー
1911,ルク
1912,ルピナス・ルーナーガイスト
1913,ルマランゼ
1914,ルンパルンパ
1915,レイ
1916,レオナールd
1917,レト
1918,ロッド
1919,ロボルカン
1920,ワエ
1921,ヰ坂暁
1922,一世华裳
1923,一世的寒
1924,一世风流
1925,一丛音
1926,一个小瓶盖
1927,一个米饼
1928,一个肉圆两个大
1929,一人千军
1930,一人路过
1931,一代仙侠
1932,一兮
1933,一分咲
1934,一剪钟情
1935,一十四洲
1936,一口西多士
1937,一只大雁
1938,一只小醉倾
1939,一只爪子
1940,一只花夹子
1941,一只西瓜大又圆
1942,一只趴趴兔
1943,一叶知秋
1944,一叶秋
1945,一叶菩提
1946,一叶青天
1947,一味相思
1948,一城月
1949,一夕烟雨
1950,一夜从灯
1951,一年新
1952,一度君华
1953,一弯月
1954,一念
1955,一念秦子
1956,一扇轻收
1957,一日知千
1958,一曲升平
1959,一曲日水吉
1960,一本正经地胡说八道
1961,一朵小葱花
1962,一条天灾
1963,一杯甜茶
1964,一枚糖果
1965,一枚纽扣
1966,一枚銅錢
1967,一枚铜钱
1968,一枚青叶
1969,一梦黄粱
1970,一水清平
1971,一江秋月
1972,一污二白
1973,一波三折
1974,一炷香
1975,一片生鱼片
1976,一狼
1977,一生流浪的猫
1978,一畳
1979,一眉道长
1980,一碗月光
1981,一碗粥
1982,一竹de幽篁
1983,一笑绝尘
1984,一笔绘天
1985,一粒米饭
1986,一纸无稽
1987,一缕冥火
1988,一缕温馨
1989,一群土拨薯
1990,一舞轻狂
1991,一色一凛
1992,一色孝太郎
1993,一节藕
1994,一蓑烟雨
1995,一行白鹭上青天
1996,一袖云
1997,一言生死与
1998,一語花開
1999,一路烦花
2000,一里茂孤星
2001,一隻大雁
2002,一集
2003,一面风情
2004,一響 之
2005,一颗心
2006,一首歌的时间
2007,一骑绝尘
2008,丁々発止
2009,丁叮儿（张硕）
2010,丁墨
2011,丁鹿イノ
2012,七つ橋
2013,七七
2014,七七家d猫猫
2015,七優
2016,七十二編
2017,七千折戏
2018,七只小鹰
2019,七士七海
2020,七夏浅秋
2021,七夕さとり
2022,七宝酥
2023,七宸
2024,七小皇叔
2025,七尺居士
2026,七微
2027,七斗七
2028,七日
2029,七星 蛍
2030,七月五日
2031,七月侯
2032,七月天空
2033,七月晴
2034,七果茶
2035,七沢またり
2036,七流
2037,七烏未奏
2038,七皇
2039,七福さゆり
2040,七色春日
2041,七色阿宇
2042,七英俊
2043,七药
2044,七貝勒
2045,七野りく
2046,万灭之殤
2047,万色
2048,万莉塔
2049,万里里
2050,万野みずき
2051,丈月城
2052,三ツ星みーこ
2053,三七开
2054,三三得九
2055,三上こた
2056,三上康明
2057,三上延
2058,三丘 洋
2059,三六九
2060,三十三\u3000魚ゑい
2061,三千世
2062,三千夢
2063,三千大梦叙平生
2064,三千桃夭
2065,三千浮世
2066,三千琉璃
2067,三千痴念
2068,三千风雪
2069,三厌
2070,三原みつき
2071,三同もこ
2072,三国司
2073,三国韩少
2074,三天两觉
2075,三好
2076,三宮 琳
2077,三島千廣
2078,三嶋与夢
2079,三度笠
2080,三心二缺
2081,三日成晶
2082,三更灯火
2083,三月べに
2084,三月みどり
2085,三月图腾
2086,三月桃胡
2087,三木なずな
2088,三毛猫
2089,三水一番
2090,三河ごーすと
2091,三河みかん
2092,三河宗平
2093,三浦 しをん
2094,三生思量
2095,三百斤的微笑
2096,三秋縋
2097,三羽 鴉
2098,三脚架
2099,三舍堂
2100,三色ライト
2101,三花夕拾
2102,三門鉄狼
2103,三雲岳斗
2104,三香
2105,上北街
2106,上古圣贤
2107,上官娆
2108,上官春水
2109,上山打老虎额
2110,上智一麻
2111,上木 柚
2112,上栖綴人
2113,上橋 菜穂子
2114,上灵
2115,下城米雪
2116,下弦の咒
2117,不二 香
2118,不会下棋
2119,不会飞的菠酱
2120,不似刀
2121,不健康優良児
2122,不可沽名學霸王
2123,不吃姜的胖子
2124,不吃甜苹果
2125,不怒
2126,不思量
2127,不想打字
2128,不手折家
2129,不手折歌
2130,不才如仆
2131,不是姜姜
2132,不是浪迹
2133,不是浮云
2134,不是蚊子
2135,不朽爷
2136,不止是颗菜
2137,不眠妆
2138,不知是颗菜
2139,不知海
2140,不知道不知道
2141,不祈十弦
2142,不著一字
2143,不详/睡前甜点
2144,不谈
2145,不谢梅
2146,不谷
2147,不问三九
2148,不雅臣
2149,与夏眠
2150,世界一
2151,丘/丘野\u3000優
2152,丘野境界
2153,业舞
2154,东二爷
2155,东吴
2156,东哥
2157,东奔西顾
2158,东方清流水
2159,东方玄幻
2160,东方黄瓜
2161,东施娘
2162,东迷笛
2163,东风几许
2164,両道 渡
2165,两袖临风
2166,严如白
2167,中下马笃
2168,中二的菌菇
2169,中华说书人
2170,中子星
2171,中村 颯希
2172,中村朱里
2173,中田ミツル
2174,中野莉央
2175,临危
2176,临天
2177,临歌
2178,临海狸猫
2179,临渊慕鱼
2180,丸井とまと
2181,丸子大魔王
2182,丸深 丸深 (まろやか)
2183,丸深まろやか
2184,为你穿高跟鞋
2185,为喵作伥
2186,为情成痴
2187,乃塚\u3000一翔
2188,久乃り
2189,久久呀
2190,久宝忠
2191,久慈マサムネ
2192,久條\u3000ユウキ
2193,久櫛縁
2194,久美 沙織
2195,久追遥希
2196,久遠 侑
2197,久野真一
2198,久陌离
2199,么么
2200,之\u3000貫紀
2201,之ち
2202,乌月星
2203,乌蒙小燕
2204,乌龟鹿
2205,乔夕
2206,乔柚
2207,乔玄
2208,乔陛
2209,乘风御剑
2210,乙纯
2211,九云歌
2212,九千胜
2213,九卿君
2214,九品
2215,九哼
2216,九天画糖
2217,九头怪猫
2218,九州月下
2219,九归
2220,九当家
2221,九把刀
2222,九指仙尊
2223,九指大叔
2224,九数
2225,九曜
2226,九月买的饼干
2227,九月微蓝
2228,九月新娘
2229,九月流火
2230,九朽
2231,九条蓮
2232,九次绝
2233,九秋紫阳
2234,九穗禾
2235,九紫
2236,九重雪
2237,九铃
2238,九阶幻方
2239,九頭七尾
2240,九頭竜坂まほろん
2241,九鹭非香
2242,也无风雨也无晴
2243,也许陌生了
2244,也闲
2245,也顾偕
2246,书剑自飘零
2247,书海沧生
2248,书瀚丨魏璨
2249,书狂人
2250,乱
2251,乱世狂刀
2252,乱世银娘
2253,予方
2254,二シキギ・カエデ
2255,二ツ樹五輪
2256,二两肥五花
2257,二丸修一
2258,二十二刀流
2259,二十四会
2260,二将
2261,二师兄八戒
2262,二帮主
2263,二日市とふろう
2264,二月梢
2265,二楞
2266,二环北路
2267,二目
2268,二筒
2269,二苏苏
2270,二蛇
2271,二語十
2272,二逼癌细胞
2273,二階堂 紘嗣
2274,二階堂風都
2275,二風
2276,于睫
2277,云中月
2278,云中殿
2279,云之萝莉
2280,云依石
2281,云吉锦绣
2282,云墨微染
2283,云天空
2284,云女
2285,云弎
2286,云惘然
2287,云早
2288,云梦大领主
2289,云泪天雨
2290,云浮日
2291,云深
2292,云清流
2293,云渐
2294,云狐不喜
2295,云稚
2296,云织
2297,云芨
2298,云苏
2299,云葭
2300,云要多高
2301,云起莫离
2302,云轻舞
2303,云过是非
2304,云遥
2305,云酥
2306,云间
2307,云霆飞
2308,五仁汤圆
2309,五十鈴スミレ
2310,五女幺儿
2311,五月 蒼
2312,五月雨葉月
2313,五朵云
2314,五朵蘑菇
2315,五条尾巴
2316,五示正司
2317,五色龙章
2318,五花牛
2319,五里蘭堂
2320,井の中の井守
2321,井平遼
2322,井戸正善
2323,亚亚
2324,亜入
2325,亜掛千夜
2326,亜胡夜
2327,亜豆魔茶
2328,亡人越刀
2329,亡灵大菜菜
2330,亦真亦幻
2331,亦辰
2332,亦醉
2333,京夜
2334,京衛武百十
2335,亭下阿黔
2336,亮晶亮
2337,人世客
2338,人之下
2339,人勿玩人
2340,人在天涯
2341,人突破下限便无所畏惧
2342,人间蜜糖
2343,人體骨架
2344,亿飞冲天
2345,仁科朝丸
2346,仁賀奈
2347,今井三太郎
2348,今何在
2349,今夕故年
2350,今夜无眠
2351,今斐
2352,今晚打酱油
2353,今様
2354,今歌
2355,今生缘浅
2356,今绯
2357,今轲
2358,今闲
2359,从0
2360,从来不问
2361,仐三
2362,他曾是少年\xa0
2363,令哲
2364,令狐beyond
2365,以墨
2366,仲丘
2367,仲夏轩
2368,仲村 つばき
2369,任怨
2370,任我笑
2371,企涯
2372,伊人为花
2373,伊人归
2374,伊依以翼
2375,伊垣久大
2376,伊崎則人
2377,伊比利丝
2378,伊藤たつき
2379,伊藤ヒロ
2380,伊藤暖彦
2381,伊達きよ
2382,伍家格格
2383,伍薇
2384,伏木
2385,伏瀬
2386,伏竜
2387,伏見 ひろゆき
2388,众凌老怪
2389,会做菜的猫
2390,会抽烟的于大爷
2391,会狼叫的猪
2392,会说忘言
2393,会说话的肘子
2394,会飞的毛球
2395,会飞的猪
2396,伪戒
2397,伲洛
2398,伶牙
2399,低调有钱人
2400,低调青年
2401,佐々木かず
2402,佐伯さん
2403,佐伯やとな
2404,佐倉 唄
2405,佐倉チヨ
2406,佐原佐
2407,佐島勤
2408,佐川川
2409,佐波彗
2410,佐润
2411,佐藤了
2412,佐藤真登
2413,佐藤謙羊
2414,佐賀崎しげる
2415,佐野 しなの
2416,佐野徹夜
2417,何堪
2418,何大仁
2419,何必灿烂
2420,何所冬暖
2421,何道长
2422,何釉
2423,余书乔
2424,余宛宛
2425,余小捌
2426,余小鱼
2427,余微之
2428,余酲
2429,佚名
2430,佛前献花
2431,作人
2432,作者笛吹ヒサコ
2433,佟心
2434,佟言
2435,你的荣光
2436,佳炎
2437,依依兰兮
2438,依琴翩飞
2439,依空 まつり
2440,依颖
2441,侧侧轻寒
2442,保住圭
2443,保利亮太
2444,保密局-有点黑
2445,信手画
2446,信用卡
2447,修果
2448,俯思
2449,俱全
2450,俺也试试
2451,俺爺
2452,倉多楽
2453,倉敷紺
2454,倉本縞
2455,倉田フラト
2456,倔强海豹
2457,倚梦寻
2458,倦枕厌夜
2459,倦鸟先睡
2460,倪多喜
2461,倾如故
2462,倾泠月
2463,倾海酒
2464,倾碧悠然
2465,倾落尘
2466,倾鸦
2467,假面的盛宴
2468,假鱼
2469,偉岸蟑螂
2470,偏方方
2471,偏翩
2472,停冰
2473,健康
2474,偷吃大米
2475,偷看书的懒
2476,偷花儿
2477,偷馬頭
2478,偷马头
2479,傅啸尘
2480,傲天无痕
2481,傲娇二小姐
2482,傲无常
2483,儋耳蛮花
2484,儚依幸
2485,元夕看灯
2486,元媛
2487,元熙
2488,先飞看刀
2489,光年
2490,光明在案
2491,光月蝶衣
2492,克全
2493,克虏伯
2494,兎谷あおい
2495,兎騎
2496,兔子专吃窝边草
2497,兔日天
2498,兔月关
2499,入月英一/リーマンａ
2500,入栖
2501,入江弥彦
2502,入渣
2503,入眠酒
2504,入間人間
2505,全部成为f
2506,全金属弹壳
2507,八ツ橋皓
2508,八上 みつか
2509,八刃贤狼
2510,八千岁
2511,八又ナガト
2512,八日蝉鸣
2513,八月 あやの
2514,八月\u3000八
2515,八月晦日
2516,八月长安
2517,八月飞鹰
2518,八爷党
2519,八神\u3000凪
2520,八神鏡
2521,八緒あいら (nns)
2522,八色鈴
2523,八茶橋らっく
2524,八街歩
2525,八重
2526,八面妖狐
2527,公子不歌
2528,公子于歌
2529,公子云思
2530,公子优
2531,公子凉夜
2532,公子商
2533,公子如兰
2534,公子如雪
2535,公子寻欢
2536,公子恒
2537,公子柔
2538,公子永安
2539,公子衍
2540,公子长安
2541,公子闻筝
2542,六つ花 えいこ
2543,六如和尚
2544,六志麻あさ
2545,六月
2546,六月浩雪
2547,六月锦鲤
2548,六界三道
2549,六皮
2550,六盲星
2551,六等星之夜
2552,六道
2553,六道沉沦
2554,六青 みつみ
2555,兮木萧萧
2556,兰月熙
2557,兰桂
2558,兰陵哥
2559,兰陵笑笑梦
2560,关东野客
2561,关中老人
2562,关外西风
2563,关心则乱
2564,其华宜归
2565,养乐多
2566,养宠物的女孩
2567,内堀優一
2568,内河弘児
2569,内田弘樹
2570,円城寺正市
2571,冉小狐
2572,写字板
2573,冠盖满京华
2574,冥域天使
2575,冥想石
2576,冬九九
2577,冬塚おんぜ
2578,冬天的柳叶
2579,冬島六花
2580,冬情
2581,冬村蜜柑
2582,冬漫社
2583,冬瀬
2584,冬里尊
2585,冰与柠檬
2586,冰临神下
2587,冰公主
2588,冰原三雅
2589,冰块儿
2590,冰山
2591,冰愠
2592,冰灵
2593,冰糖莲子羹
2594,冰蓝纱
2595,冲音
2596,决明
2597,决绝
2598,冷优然
2599,冷優然
2600,冷千山
2601,冷卉
2602,冷山就木
2603,冷青衫
2604,冷面加糖
2605,冷风荆棘
2606,冻感超人
2607,净无痕
2608,凉凉
2609,凉否
2610,凉子宿
2611,凉容
2612,凉尘
2613,凉慈
2614,凉洛笙
2615,凉白开开
2616,凉皮就面包
2617,凉穗
2618,凉音小荷
2619,凉风习习
2620,凌乱的小道
2621,凌又年
2622,凌宇沫
2623,凌石更
2624,凌舞水袖
2625,凌豹姿
2626,减肥专家
2627,凛冬纪元
2628,凛堂なつめ
2629,凜乃\u3000初
2630,凝夏
2631,凝陇
2632,凡場はま
2633,凤不羁
2634,凤今
2635,凤元糖果
2636,凤凰涅槃
2637,凤千水
2638,凤啊凤
2639,凤崎舞
2640,凤梨糕
2641,凤炅
2642,凤瞳曦
2643,凤羽涅
2644,凤舞
2645,凤轻
2646,凪 夕貴
2647,凪木エコ
2648,凪良ゆう
2649,凰女
2650,凹凸蛮
2651,出井愛
2652,凿砚
2653,刀片摧心肝
2654,切尔
2655,切竹君
2656,刈安ほづみ
2657,刈野ミカタ
2658,刑部大輔
2659,刘大小姐
2660,刘狗花
2661,则慕
2662,创造使者
2663,初恋璀璨如夏花
2664,初枝れんげ
2665,初漓
2666,初禾
2667,初霁
2668,初鹿野創
2669,利根川 流
2670,利雅綸
2671,刺身こんにゃく
2672,刻一
2673,剑游太墟
2674,剑游太虚
2675,剑舞神天
2676,剑走偏锋
2677,剑逝了无痕
2678,割内＠タリサ
2679,力水
2680,加 ❤ 微信 ❤ 看片
2681,加地アヤメ
2682,加賀月こんや
2683,助供珠樹
2684,劫北
2685,劲风的我
2686,勇寛
2687,勘八
2688,勤劳的小野猫
2689,勺棠
2690,化蝶飞沧舟
2691,北下路 来名
2692,北九竹
2693,北伯劳
2694,北倾
2695,北冥魑
2696,北冥鱼鸟
2697,北南
2698,北地余光
2699,北城墨景
2700,北境有冻离
2701,北夜
2702,北宅酱
2703,北山結莉
2704,北川ニキタ
2705,北川二木田
2706,北川云上锦
2707,北村 薫
2708,北枝寒
2709,北棠墨
2710,北瀬野ゆなき
2711,北聆
2712,北茨
2713,北醉十渔
2714,北门南牙
2715,匣中藏剑
2716,匪君
2717,匪我思存
2718,匿名青花鱼
2719,十一屋 翠
2720,十一月十四
2721,十七
2722,十万水星
2723,十万菜团
2724,十三清
2725,十世
2726,十九瑶
2727,十二玥
2728,十二翼黑暗炽天使
2729,十八安
2730,十六月西瓜
2731,十四夜
2732,十四郎
2733,十四阙
2734,十夜
2735,十字卿
2736,十尾兔
2737,十曜
2738,十月初\xa0
2739,十月喵喵
2740,十月微微凉
2741,十月流年
2742,十月香
2743,十本 スイ
2744,十权
2745,十河
2746,十清杳
2747,十点听风
2748,十碗糖
2749,十里劍神
2750,十里寒塘
2751,十里晟淼
2752,十里桃夭
2753,十里烟花
2754,十阶浮屠
2755,千
2756,千予
2757,千倩倩
2758,千千亿
2759,千千佳人
2760,千回轉z
2761,千夜魅罗
2762,千寻
2763,千山茶客
2764,千峰一鹤
2765,千帆過盡
2766,千年寄月
2767,千月さかき
2768,千朵朵
2769,千桦尽落
2770,千梦
2771,千秋落
2772,千羊
2773,千草
2774,千觅荷
2775,千载之下
2776,千里日和
2777,千里牧尘
2778,千重草
2779,千非
2780,千鳥
2781,午前の緑茶
2782,午夜牧羊女
2783,午夜風流
2784,午後野つばな
2785,午日阳光
2786,午鳥志季
2787,半仙陈
2788,半城凡雪
2789,半妖
2790,半明半寐
2791,半盏清茗
2792,半碗多糖
2793,半碗红烧肉著
2794,半筐桃子
2795,半纸清骨
2796,半醉游子
2797,华素卿
2798,卓ダイス
2799,单兮
2800,单推斩首
2801,单王张
2802,单纯宅男
2803,卖报小郎君
2804,卖菜
2805,卖萌无敌小小宝
2806,卖身葬节操
2807,南凛
2808,南城明月
2809,南宫寒五
2810,南宮紫嫣
2811,南康白起
2812,南房秀久
2813,南方有枳
2814,南方荔枝
2815,南朝近卫
2816,南木北牙
2817,南条仁
2818,南极海
2819,南枝
2820,南柯十三殿
2821,南派三叔
2822,南流风
2823,南海 遊
2824,南海贫尼
2825,南玲子
2826,南珠
2827,南琅要减肥
2828,南瓜老妖
2829,南知暮
2830,南色流年
2831,南语
2832,南野海風
2833,南野琳儿
2834,南陵一别
2835,南音音
2836,南风歌
2837,卟许胡来
2838,卡列夫司机
2839,卡比丘
2840,卡琳
2841,卧牛真人
2842,卯堂 成隆
2843,即墨遥
2844,卷发即正义
2845,卷土
2846,卷心西瓜
2847,卿九书
2848,卿云
2849,卿云瑾
2850,卿佳煜
2851,卿卿未央
2852,卿妃
2853,卿浅
2854,卿非意
2855,卿非雁
2856,厄夜怪客
2857,历史里吹吹风
2858,厉冬忍
2859,厌姝
2860,厌笔萧生
2861,厘多乌
2862,厘梨
2863,原叶原
2864,原木纯品
2865,原来
2866,原点一个调
2867,原純
2868,厨二病人
2869,厨六
2870,叁月惊蛰
2871,又下一梦
2872,又小眠
2873,又来的核桃
2874,又蓝
2875,友情
2876,友橋かめつ
2877,友麻碧
2878,双子星罗
2879,双目囧囧
2880,反派二姐
2881,反派雇佣兵
2882,反舌鸟
2883,发烧的电脑
2884,发达的泪腺
2885,发飙的蜗牛
2886,变胖的皮糖
2887,古今
2888,古森きり
2889,古橋 秀之
2890,古池\u3000マヤ
2891,古河正次
2892,古流\u3000望
2893,古瀬学問
2894,古玉闻香
2895,古羲
2896,古道之
2897,古镜
2898,古龙
2899,只只不醉
2900,只是伊唯
2901,只是小虾米
2902,只野 新人
2903,召弓
2904,召徕
2905,叮当学妹
2906,可乐姜汤
2907,可乐棒棒糖
2908,可乐逆行
2909,可換 環
2910,可換環
2911,可期
2912,可爱内内
2913,可蕊
2914,右薙 光介
2915,右默
2916,叶 笑
2917,叶ルル
2918,叶乔木
2919,叶天南
2920,叶子已青
2921,叶崎みお
2922,叶微舒
2923,叶忆落
2924,叶斐然
2925,叶河田
2926,叶涩
2927,叶田キズ
2928,叶疏影
2929,叶笑
2930,叶绵绵
2931,叶芷青
2932,叶苜宿
2933,叶菲
2934,叶落无心
2935,叶蓁
2936,叶见星
2937,叶轻轻
2938,叶限
2939,叶非夜
2940,叶韶华
2941,叶飞飞
2942,司之
2943,叼烟的
2944,叽米花
2945,吃土千年
2946,吃土的书语
2947,吃李子上火
2948,吃槟榔的烟
2949,吃瓜子群众
2950,吃白菜么
2951,吃肉肉长高高
2952,吃肉能瘦
2953,吃饭的萝卜
2954,吃饱了没
2955,各种控
2956,合屿
2957,合田拍子
2958,吉ケ崎 トモヒロ
2959,吉原理恵子
2960,吉它
2961,吉尔吉加
2962,吉岡剛
2963,吉川 兵保
2964,吉文央子
2965,吉村夜
2966,吉梗
2967,吉沢ミズキ
2968,吉野匠
2969,吉野屋桜子
2970,吉高花
2971,同仁坑
2972,名はない
2973,名古屋 大八
2974,名字什么的还没想好
2975,名無しの夜
2976,名無しの権兵衛
2977,名無那 奈々
2978,后情
2979,吐泡泡的鲤鱼
2980,吐鲁番大葡萄
2981,向原 行人
2982,向原三吉
2983,向家小十
2984,向往的都市神豪
2985,向微醺
2986,向日葵
2987,向远飞
2988,吕吉吉
2989,吕天逸
2990,吕家先生<
2991,君sola
2992,君子以泽
2993,君子何为皇
2994,君子在野
2995,君川優樹
2996,君彤
2997,君汐若
2998,君玉君
2999,君笙
3000,君骁
3001,吞鬼的女孩
3002,含胭
3003,听听不听
3004,听日
3005,吱吱
3006,吴雪明/罪化
3007,吾七画
3008,吾乃老父亲
3009,吾九殿
3010,吾有八宗罪
3011,呉西しの
3012,告井 凪
3013,周一口鸟
3014,周木楠
3015,周玉
3016,周白
3017,周藤蓮
3018,周郎羡
3019,呵芜
3020,呼啦圈
3021,和ヶ原聡司
3022,和久井透夏
3023,和村中叶
3024,和泉 桂
3025,和泉杏花
3026,咕彦
3027,咖啡和糖
3028,咖啡因
3029,咖米米米
3030,咬桃子
3031,咬火
3032,咬狗
3033,咬猫耳朵
3034,咯咯咯鸽子精
3035,咯嘣
3036,咱是小刃刃的说
3037,咲夜 (ツギクル)
3038,咸蛋黄
3039,咸鱼上岸
3040,咸鱼咸鱼仙
3041,咸鱼大西瓜
3042,咸鱼男爵
3043,咸鱼老人
3044,咸鱼菜粥z
3045,咸鱼配饭
3046,哀蓝
3047,哆士喵
3048,哈哈儿
3049,哈欠兄
3050,哎哟啊
3051,哑八爷
3052,哒哒哒哒哒哒哒
3053,哔个蛋蛋
3054,哔神
3055,哲哥好寂寞
3056,哼哼
3057,唇亡齿寒0
3058,唐七公子
3059,唐三小姐
3060,唐婳墨歌
3061,唐家三少
3062,唐小涵
3063,唐川
3064,唐有长安
3065,唐栖
3066,唐澤和希
3067,唐玉
3068,唐簫
3069,唐茵
3070,唐酒卿
3071,唤云
3072,唧唧的猫
3073,唯一生还者
3074,唯乃なない
3075,唯旎
3076,商雨
3077,啊肥阿
3078,啞鳴
3079,啾咪啾咪兔
3080,善良的蜜蜂
3081,喜多結弦
3082,喜如意
3083,喜宝是宝
3084,喜糖123
3085,喝口雪碧
3086,喝豆奶的狼
3087,喬木裏
3088,喵不成鱼
3089,喵了个汪
3090,喵吉吉
3091,喵星人家的汪
3092,喵蓝
3093,嗜酒吃茶
3094,嗷嗷待哺
3095,嘎嘎鸭
3096,嘘知
3097,嘻嘻哈哈
3098,四字真言
3099,四季文人
3100,四月
3101,四月妖妖
3102,四月的颦儿
3103,四葉夕卜
3104,四隻腳
3105,回到原初
3106,回南雀
3107,回復師
3108,回眸已半夏
3109,回转火锅
3110,囡囝囚团
3111,团圆小熊猫
3112,囧囧小丫
3113,囧囧有妖
3114,园有星
3115,园艺大师
3116,困倚危楼
3117,困困
3118,困成熊猫
3119,国広仙戯
3120,国王陛下
3121,国际精神
3122,图南鲸
3123,图样先森
3124,圆太极
3125,圆屋顶
3126,圆月饼
3127,圆甜
3128,圈成团子
3129,園内かな
3130,園間カヲル
3131,土豆爱西红柿
3132,土豆芽儿
3133,圣骑士的传说
3134,在言外
3135,地上絵
3136,地狱模式
3137,地獄の使徒
3138,地球戦士\u3000ふじわらしのぶイーザ
3139,地球本地人
3140,地雷原
3141,坂東太郎
3142,坂田火魯志
3143,坂石遊作
3144,坊木椎哉
3145,坏宝
3146,城南花开
3147,城崎
3148,城平 京
3149,城野白
3150,埴輪星人
3151,塩コンブ
3152,増田みりん
3153,墨书白
3154,墨依白
3155,墨囚
3156,墨大先生
3157,墨子白
3158,墨宝非宝
3159,墨晏寒珠
3160,墨来疯
3161,墨枫
3162,墨泠
3163,墨熊
3164,墨狩晟归
3165,墨舞碧歌
3166,墨西柯
3167,墨邪尘
3168,墨鄉
3169,墨钱桃花
3170,墨青城
3171,墨非烟
3172,墨风笛
3173,墨香双鱼
3174,墨香铜臭
3175,墨麒麟
3176,壁首領大公
3177,壊れ始めたラジオ
3178,壬九酒
3179,壬崎菜音＠壬生菜
3180,壬生一郎
3181,壱兄さん
3182,壱弐参
3183,壳中有肉
3184,壶一条
3185,壶山小农
3186,壶鱼辣椒
3187,壹枚
3188,处雨潇湘
3189,夏ㄖ
3190,夏之寒
3191,夏勿晴
3192,夏希のたね
3193,夏日晴空
3194,夏日粉末
3195,夏晚春风
3196,夏月涼
3197,夏染雪
3198,夏至春秋
3199,夏色青空
3200,夏野 夜子
3201,夏野けい
3202,夏雪儿
3203,夏青衫
3204,夕千井一
3205,夕夕里
3206,夕山洵
3207,夕山白石
3208,夕日
3209,夕朝南歌
3210,夕梦
3211,夕照
3212,夕鱼
3213,夙夜笙歌
3214,夙时月
3215,多嘴処占
3216,多奇
3217,多崎 翼
3218,多梨
3219,多田野ミケ
3220,多金少女猫
3221,夜·水寒
3222,夜不私语
3223,夜乃すてら
3224,夜之兎
3225,夜之瞳
3226,夜云端
3227,夜依
3228,夜凰
3229,夜切怜
3230,夜北
3231,夜半灯花
3232,夜南听风
3233,夜听春雨
3234,夜夕月
3235,夜夜梦
3236,夜州
3237,夜幕下的鬼
3238,夜开花
3239,夜微微凉
3240,夜恋凝
3241,夜悠
3242,夜明
3243,夜晚的血
3244,夜月瑶歌
3245,夜未央
3246,夜枭
3247,夜桜ユノ
3248,夜清歌
3249,夜煒
3250,夜猫
3251,夜的光
3252,夜色无边
3253,夜莫
3254,夜行月
3255,夜行灯花宵
3256,夜雨行舟
3257,夜音如雪
3258,夜风起
3259,夜鷹
3260,夢.千航
3261,夢猫
3262,夢見
3263,大二哥
3264,大倉 燁子
3265,大周周
3266,大和poi
3267,大哥喝冰阔落
3268,大哥有枪
3269,大圆子
3270,大地の怒り
3271,大場鳩太郎
3272,大宋福红坊
3273,大小写
3274,大小判
3275,大崎 カヤ
3276,大崎アイル
3277,大师莫方
3278,大帥匪
3279,大平篤志
3280,大木吉子
3281,大木戸いずみ
3282,大木柚木
3283,大木老湿
3284,大果粒
3285,大树l
3286,大梦游家
3287,大森 蜜柑
3288,大森藤ノ
3289,大橋ちよ
3290,大江戸ウメコ
3291,大沢雅紀
3292,大河东流
3293,大河自西
3294,大泉貴
3295,大波小波
3296,大海好多水
3297,大烟缸
3298,大熊狸喜
3299,大爱豆瓣
3300,大石ねがい
3301,大笨淡
3302,大纯二敏
3303,大茶娓娓
3304,大菊小菊
3305,大遠
3306,大邦将人
3307,大青q3
3308,大风不是木偶
3309,大风刮过
3310,大飞艇
3311,大魔灵
3312,大魔王阿花
3313,大鱼又胖了
3314,天ノ瀬
3315,天一
3316,天下天
3317,天下归元
3318,天下无病
3319,天下无白
3320,天下第三
3321,天下霸唱
3322,天下青空
3323,天下飘火
3324,天丛
3325,天乃聖樹
3326,天兎クロス
3327,天南的小裤裤
3328,天命反派
3329,天地人無用
3330,天堂不寂寞
3331,天堂放逐者
3332,天壱
3333,天夏游龙
3334,天寧霧佳
3335,天川ひつじ
3336,天惊
3337,天桥底下说书的
3338,天泠
3339,天洛卡
3340,天洛水
3341,天涯
3342,天涯逐梦
3343,天火燎原
3344,天然水珈琲
3345,天狗月炎
3346,天界
3347,天空有云
3348,天籁星璇
3349,天籁纸鸢
3350,天羽龙翔
3351,天良永动机
3352,天草白
3353,天蚕土豆
3354,天蚕雪灵芝
3355,天街小雨
3356,天衣有风
3357,天袭
3358,天赐我宝
3359,天边老四
3360,天运老猫
3361,天道不轮回
3362,天那光汰
3363,天野かづき
3364,天野優志
3365,天降兔神
3366,天雪少
3367,天音のわる
3368,天鸠
3369,太一生水
3370,太上布衣
3371,太上老牛
3372,太乙大真人
3373,太极阴阳鱼
3374,夭夭
3375,失眠七夜
3376,失落叶
3377,夾竹桃
3378,奇魔再現
3379,奈何喜欢
3380,奉
3381,奎奎因因
3382,奏
3383,奏中カナ
3384,奏多
3385,奏奏奏酱
3386,奥丁信使
3387,奥克米客
3388,奥比椰
3389,奥田 孝明
3390,女孩穿短裙
3391,女王
3392,女王不在家
3393,奶口卡
3394,奶小寧
3395,奶油泡芙酱
3396,奶牛贝贝
3397,奶酪西瓜
3398,奶香味哒
3399,奶黃菠蘿包
3400,她酷的像冰
3401,好人卡
3402,好大一卷卫生纸
3403,好运
3404,好餓哦
3405,如似我闻
3406,如倾如诉
3407,如墨似血
3408,如月このり
3409,如月ユキノリ
3410,如月冬美
3411,如月千珠
3412,如月新一
3413,如月衣更
3414,如水意
3415,如若珍惜
3416,妃呼狶
3417,妃大和
3418,妃子一笑
3419,妄想小野
3420,妄鸦
3421,妍妍
3422,妖九拐六
3423,妖夜
3424,妖妖之心
3425,妖妖殿下
3426,妖妖若火
3427,妖娆小桃
3428,妖月夜
3429,妖的境界
3430,妖舟
3431,妖道无涯
3432,妖邪有泪
3433,妖魂
3434,妥妥
3435,妩梵)
3436,妲婴
3437,妹子好可爱
3438,妹尾 ゆふ子
3439,妹尾 尻尾
3440,妹纸爱吃肉
3441,妾在山阳
3442,始于梦
3443,姐姐的新娘
3444,姑娘有喜
3445,姑苏赋
3446,姒锦
3447,姓易的
3448,姚若衫
3449,姜之鱼
3450,姜太婆钓猫
3451,姜小牙
3452,姜时一
3453,姜汁黑糖
3454,姜沉漾
3455,姜沫
3456,姜离远
3457,姜竹
3458,姜茹
3459,姫崎しう
3460,姽婳晴雨
3461,威武的
3462,娃娃
3463,娜可露露
3464,娶猫的老鼠
3465,婉之
3466,婻书
3467,嫩葉 鄙彌
3468,嬉野 秋彦
3469,嬴天尘
3470,子与我非鱼
3471,子初酒
3472,子日あきすず
3473,子溪
3474,子系市隐
3475,子耽
3476,子鹿
3477,孔明の罠
3478,字母一排
3479,孙二十三 著
3480,季可蔷
3481,季愁然
3482,季放
3483,季百威
3484,季颜颜
3485,孤单地飞
3486,孤单常量
3487,孤君
3488,孤城寂
3489,孤木双
3490,孤灯欲眠
3491,孤烟苍狼
3492,孤独漂流
3493,孤胆蚂蚁
3494,孤重染
3495,宁儿
3496,宁归
3497,宁负如来
3498,宁远
3499,宁静夜
3500,它似蜜
3501,宅喵
3502,宅猪
3503,宇野朴人
3504,守野伊音
3505,安い芸
3506,安ザイ 弥
3507,安之若眠
3508,安向暖
3509,安向阳
3510,安否安否
3511,安小柠
3512,安就
3513,安居院晃
3514,安山狐狸
3515,安思源
3516,安曦
3517,安歌
3518,安步奕奕
3519,安然一世
3520,安琪
3521,安知晓
3522,安碧莲
3523,安祖緹
3524,安藤 正樹
3525,安里 アサト
3526,安靖
3527,安默暖
3528,宋媛媛
3529,宋家桃花
3530,宋秋秋
3531,完颜无泪
3532,宗太
3533,宝典
3534,宝可梦
3535,宝妆成
3536,宝宝宝酱
3537,宝巨
3538,宝月流光
3539,宝石猫
3540,宝禾先生
3541,宝萱
3542,宝货
3543,宝马香车
3544,实验小白鼠
3545,客兮
3546,宫槐知玉
3547,宮地拓海
3548,容九
3549,容子君
3550,容恒
3551,容涵
3552,容自若
3553,宿星川
3554,宿水渔歌
3555,寀小花
3556,寂寞的化石
3557,寂寞的舞者
3558,寂寞观鱼
3559,寂小贼
3560,富十二
3561,富坚义博
3562,富士とまと
3563,富士伸太
3564,富士田けやき
3565,富樫聖夜
3566,寐语者
3567,寐长生
3568,寒天ゼリヰ
3569,寒寺絃
3570,寒无风
3571,寒梅墨香
3572,寒武记
3573,寒江独钓
3574,寒花一梦
3575,寒菽
3576,寒门
3577,寒门丫头
3578,寝坊助
3579,寞然回首
3580,寧靜夜空
3581,寫肉專業點
3582,对四要不起
3583,寺原るるる
3584,寺王
3585,寺町\u3000朱穂
3586,寻找失落的爱情
3587,対極
3588,寿\u3000安清
3589,寿司サンダー
3590,封七月
3591,封刃作书
3592,封玖
3593,封禅子
3594,将至
3595,将至景
3596,對恩大人
3597,小一不是小二
3598,小丸丸丸丸子
3599,小二兔
3600,小五月
3601,小仲
3602,小伈
3603,小倉ひろあき
3604,小僧
3605,小刀锋利
3606,小刺莓
3607,小包子
3608,小南宫
3609,小叶丸
3610,小吾君
3611,小呆昭
3612,小城古道
3613,小城居民
3614,小声奏
3615,小妖
3616,小妖子
3617,小孩爱吃糖
3618,小小小小羊阿
3619,小小牧童
3620,小小羽
3621,小山内慧夢
3622,小山河
3623,小山洋典
3624,小山田\u3000華
3625,小岁
3626,小川晴央
3627,小択出新都
3628,小捲餅
3629,小教主
3630,小文旦
3631,小木君人
3632,小東のら
3633,小林
3634,小林湖底
3635,小林誉
3636,小枣核
3637,小栗影儿
3638,小桃桃子
3639,小桑榆
3640,小梦
3641,小橙汁儿
3642,小檀栾
3643,小段探花
3644,小炒肉
3645,小牛坐飞机
3646,小牧亮介
3647,小狐丸
3648,小猫不爱叫
3649,小生不知
3650,小田 ヒロ
3651,小畠愛子
3652,小白花真白
3653,小白莲一柏君
3654,小白蓮一柏君
3655,小石南记
3656,小笠原\u3000雪兎（ゆきと）
3657,小篆伤
3658,小綱実波
3659,小舞\xa0
3660,小舟遥遥
3661,小蜜橘
3662,小蜜蜂嗡嗡响
3663,小說製造機
3664,小谧
3665,小豆布丁
3666,小貔貅
3667,小達出みかん
3668,小酥糖
3669,小酥醒
3670,小酱包
3671,小野 不由美
3672,小野崎えいじ
3673,小鈴危一
3674,小镜湖
3675,小雨清晨
3676,小飞鹅
3677,小鱼吃龙肉
3678,小鳥屋エム
3679,小鳥遊 郁
3680,小鳩子鈴
3681,小龙卷风_
3682,少女醬
3683,少年ユウシャ
3684,尘响
3685,尘山
3686,尘歌
3687,尘缘暗殇
3688,尘风
3689,尛羽宝宝
3690,尝谕
3691,尤前
3692,尤听
3693,尧三青
3694,尸口巾
3695,尹一方
3696,尹琊
3697,尼米
3698,尼罗
3699,尾地 雫
3700,尾岡れき
3701,尾鱼
3702,尿路結石
3703,屋久ユウキ
3704,屋里的星星
3705,屍姐
3706,山下湊
3707,山下香織
3708,山原くいな
3709,山口 悟
3710,山吹弓美
3711,山城
3712,山大人呀
3713,山岫
3714,山崎山
3715,山崎響 / spa-ox
3716,山有瓜兮
3717,山有荷叶
3718,山有青木
3719,山本あかり
3720,山本輔広
3721,山柚子
3722,山田どんき
3723,山田太郎
3724,山田桐子
3725,山间人
3726,山鬼
3727,岁惟
3728,岁月大刀流
3729,岁月清浅
3730,岁见
3731,岛里天下
3732,岡崎マサムネ
3733,岡本剛也
3734,岡沢六十四
3735,岡達 英茉
3736,岩柄イズカ
3737,岬
3738,岬鷺宮
3739,岸本 和葉
3740,岸馬きらく
3741,峨嵋
3742,峰守ひろかず
3743,峰崎龍之介
3744,島頔
3745,島風
3746,崎谷 はるひ
3747,崔罗什
3748,崔黑
3749,川井 昂
3750,川原 礫
3751,川原\u3000みう
3752,川口士
3753,川岸殴魚
3754,川崎ag
3755,川崎かなれ
3756,川澜
3757,川田 両悟
3758,川田戯曲
3759,川香麻辣鸡肉锅
3760,左リュウ
3761,左乐
3762,左手
3763,左木茶茶君
3764,巫哲
3765,巫妖王
3766,巫山绯云
3767,已己巳己
3768,巽未頼
3769,市
3770,市村 鉄之助
3771,市村まとい
3772,布偶猫谢菡
3773,布凡
3774,布袋三郎
3775,师小札
3776,希失大神
3777,希行
3778,帘霜
3779,帝阳
3780,師裏剣
3781,席宝儿
3782,席祯
3783,帰初心
3784,帷幕灯火
3785,常世
3786,常书欣
3787,常念君
3788,常石及
3789,常磐くじら
3790,常識変換野郎
3791,常陸之介寛浩
3792,幕月
3793,干木津上
3794,干煸鱿鱼须
3795,平凡魔术师
3796,平坂読
3797,平层
3798,平日黒髪お姉さん
3799,平朝臣
3800,平生未知寒
3801,平野\u3000笹助
3802,年中麦茶太郎
3803,年华
3804,年小华
3805,年少成名
3806,年末
3807,年终
3808,年非年
3809,幻境城主
3810,幻海浮声
3811,幻燕
3812,幼儿园一把手
3813,幼馴じみ
3814,幽雪
3815,広瀬煉
3816,広路なゆる
3817,庄毕凡
3818,库奇奇
3819,应橙
3820,底虚
3821,废白
3822,废铁行者
3823,度寒
3824,度己了
3825,康城
3826,延野正行
3827,廿乱
3828,廿小萌
3829,廿朔
3830,开心小帅
3831,开花不结果
3832,开荒
3833,弁当箱(腐敗)
3834,异数
3835,异界狂徒
3836,异能专家
3837,弃脂焚椒
3838,弄清风
3839,弄琴
3840,弈青锋
3841,弑神的梦
3842,弓呆
3843,弓青瀚
3844,引路星
3845,弗洛伯伯
3846,张家三叔
3847,张小柒
3848,张小铄
3849,张扬的五月
3850,张牧之
3851,弥生
3852,弦三千
3853,弦悠
3854,弯弯一夏
3855,弹指一笑间
3856,强大的猪
3857,归渔
3858,当麻リコ
3859,彗
3860,彗星
3861,彩峰舞人
3862,彩帆
3863,彩戸ゆめ
3864,彩阳葵
3865,彩音
3866,彬临城下
3867,影照
3868,影茸
3869,影西ナノ
3870,彼岸花田
3871,征夷冬将軍ヤマシタ
3872,很是矫情
3873,律
3874,後藤十蔵
3875,後藤祐迅
3876,徐公子胜治
3877,徐少一
3878,徐徐图之
3879,徐徐圖之
3880,徒然花
3881,得了吧
3882,御前带猫
3883,御剑斋
3884,御史大夫
3885,御堂ユラギ
3886,御子柴 奈々
3887,御子柴奈々
3888,御守いちる
3889,御宮ゆう
3890,御川不洗手
3891,御影 瑛路
3892,御我
3893,御手々ぽんた
3894,御鷹穂積
3895,微姑娘
3896,微扬
3897,微澜子墨
3898,微笑鱼卡卡
3899,微风几许
3900,徳山銀次郎
3901,徳川レモン
3902,德娇
3903,心在流浪
3904,心星逍遥
3905,心月
3906,心碎梦思迁
3907,心绪太无聊
3908,忆临酒
3909,忆文1
3910,忆昔颜
3911,忆琬
3912,忆锦
3913,忍者の佐藤
3914,忍者阿姨
3915,忍野佐輔
3916,志瑞祐
3917,志野田みかん
3918,志鸟村
3919,忘川小妖
3920,忘记呼吸的猫
3921,忘记离愁
3922,忘语
3923,忧伤中的逗比
3924,快餐店
3925,念一
3926,念已伤
3927,念无忧
3928,忻珞
3929,怀世
3930,怀愫
3931,怀若谷
3932,怎恨人间无白头
3933,怒水三山
3934,怒笑
3935,怕冷的火焰
3936,怜之使徒
3937,怜惜凝眸
3938,怜美
3939,思镜渠
3940,急川回レ
3941,怪獣
3942,怪诞江阳
3943,恍若晨曦
3944,恕冬
3945,恩赐解脱
3946,恭十一
3947,恰似一江绮旎
3948,恵庭
3949,恵比須 清司
3950,悠世
3951,悠樹
3952,悠若清风
3953,悪一
3954,悲剧初始化
3955,悲殇的秋千
3956,情书
3957,情史尽成悔
3958,情歌王子
3959,情诗与海
3960,惊天雨
3961,惗肆
3962,惡魔飯團
3963,惣領りつ
3964,惭时
3965,想枕头的瞌睡
3966,想见江南
3967,想静静的顿河
3968,意千重
3969,意沫沫
3970,愛哈哈的小刀
3971,愛山雄町
3972,愛欲ほねね
3973,愛知の人
3974,愤怒猕猴桃
3975,愤怒的松鼠
3976,愤怒的烽火
3977,愤怒的芭乐
3978,愤怒的萨尔
3979,愤怒的香蕉
3980,慕义
3981,慕之初
3982,慕凌彬
3983,慕夏衣
3984,慕容侠
3985,慕容小呆
3986,慕容澜澜
3987,慕容离白
3988,慕小雨
3989,慕流苏
3990,慕清潋
3991,慕璃
3992,慕璎珞
3993,慕酒酒
3994,慕韶七
3995,慶野由志
3996,懒就
3997,懒玫瑰
3998,懒鸟
3999,戈云栖
4000,戈子
4001,戏子祭酒
4002,戏楼蒹葭
4003,戏言他日江湖逢
4004,成珍珍
4005,成田ハーレム王
4006,成田良悟
4007,成逆
4008,我 是 多余 人
4009,我不是向日葵
4010,我不是微笑
4011,我不是笨蛋
4012,我丑到灵魂深处
4013,我为谪仙人
4014,我会修空调
4015,我只想干饭
4016,我吃元宝
4017,我吃西红柿
4018,我喜欢香艳
4019,我女朋友超可爱
4020,我姓俞
4021,我家半半
4022,我怀
4023,我想吃肉
4024,我想吃西瓜
4025,我愛冰淇淋
4026,我才不是小饼干
4027,我抽的烟
4028,我是墨水
4029,我是猴子请来的豆
4030,我是科学家
4031,我是紫爱
4032,我是蓬蒿人
4033,我有一只小黑狗
4034,我有暴牙
4035,我本纯洁
4036,我爱吃冰棒
4037,我爱小豆
4038,我爱美人鱼
4039,我自非凡
4040,我要成仙
4041,我非主角
4042,或许有一天
4043,战七少
4044,战西野
4045,戚十九
4046,戸塚陸
4047,扁担一号
4048,扇墨竹
4049,扇骨木
4050,手島史詞
4051,手帕望明月
4052,手握拂尘
4053,手机报
4054,才不是h萝莉
4055,才不是二哈＝_＝
4056,扎药
4057,打僵尸
4058,打字机n号
4059,打死不鸽
4060,打死都要钱
4061,打狗的小包子
4062,打肿眼充熊猫
4063,扣弦振雪
4064,执念啊
4065,执灯夜行
4066,执迷颓废
4067,扶华
4068,扶子不好吃
4069,扶苏与柳叶
4070,扶苏绿
4071,扶风琉璃
4072,把酒话羊歌
4073,折一枚针
4074,折口良乃
4075,折吱
4076,折杉
4077,折树梨花
4078,折纸琉璃
4079,报告蟹老板
4080,抹茶味的奶糖
4081,抹茶曲奇
4082,抹茶焼酎
4083,拈花拂柳
4084,拉姆
4085,拉布
4086,拉棉花糖的兔子
4087,招财的猞猁
4088,招财进宝
4089,拦春
4090,拾夏\xa0
4091,持笔操墨为生计
4092,指上清欢
4093,指尖的咏叹调
4094,指尖繁华
4095,挚爱喀秋莎得小朦胧
4096,挣到的光
4097,挽轻裳
4098,捂脸大笑
4099,捉聞公子
4100,捏捏爪爪
4101,掉了个坑
4102,掉到天上去
4103,掠过明月
4104,接口卡
4105,接吻吃大蒜
4106,推倒你哦
4107,掩面而遁马甲君
4108,插柳成荫
4109,揖欢
4110,摘星怪
4111,摩訶不思議マン
4112,撒加
4113,撞破南墙
4114,攀枝花
4115,支援bis
4116,故乡异客
4117,故乡月
4118,故筝
4119,故苏小七
4120,敏懿
4121,敛舟
4122,散茶
4123,文庫 妖
4124,文抄公
4125,文武らん
4126,文轩宇
4127,斉藤 たつき
4128,斐芝嘉和
4129,斧名田マニマニ
4130,斫合子
4131,斫染
4132,斬月
4133,断崖一支梅
4134,新丰
4135,新了个喵
4136,新人
4137,新人m
4138,新六角
4139,新兵扛老枪
4140,新双ロリス
4141,新在 落花
4142,新天新地
4143,新山サホ
4144,新嶋 紀陽
4145,新月
4146,新木伸
4147,新海月1
4148,新版红双喜
4149,新生べっこう飴
4150,新藤悟
4151,新藤皐月
4152,方便面君
4153,方想
4154,方方
4155,方白羽
4156,方谨宇
4157,施佳颖
4158,施鸥
4159,旅籠文楽
4160,旅行的喵熊
4161,旖旎妖娆
4162,旖旎萌妃
4163,无主之剑
4164,无仪宁死
4165,无可言说
4166,无名小生
4167,无墨兮
4168,无处可逃
4169,无射
4170,无尽相思
4171,无心舍
4172,无心谈笑
4173,无忧的舞曲
4174,无情龙眠眠
4175,无意宝宝
4176,无所谓
4177,无敌青衣
4178,无水不渡
4179,无火的余灰
4180,无牙子
4181,无痕
4182,无罪
4183,无聊看看天
4184,无袖拢香
4185,无间天羽
4186,无限生机
4187,无面凄凉
4188,无颜色
4189,日々一陽
4190,日丽风和
4191,日之影ソラ
4192,日之浦拓
4193,日向そら
4194,日向夏
4195,日峰
4196,日暮为安
4197,日曜
4198,日月庆
4199,日月朝日
4200,日生
4201,日花花葉晔
4202,日野\u3000冬夜
4203,日野きいろ
4204,早更鸟
4205,早水しほり
4206,早秋
4207,早起的虫子
4208,时三十
4209,时久
4210,时崽
4211,时微月上
4212,时星草
4213,时辰
4214,时镜
4215,时闲
4216,时间的守护者
4217,旷海忘湖
4218,旺仔老馒头
4219,明。
4220,明也
4221,明宇
4222,明寐
4223,明日
4224,明日复明日
4225,明明很装逼
4226,明星
4227,明晓溪
4228,明月二两
4229,明月像饼
4230,明月听风
4231,明月地上霜
4232,明桂载酒
4233,明治はも
4234,明清时节
4235,明炫
4236,明石 みなも
4237,明石六郎
4238,明药
4239,明鏡シスイ
4240,易人北
4241,易修罗
4242,易修羅
4243,易叶子
4244,昔年年
4245,昔我有梦
4246,昙花落
4247,星 新一
4248,星光的羽翼
4249,星夜君著
4250,星如雨
4251,星寶兒
4252,星小仙
4253,星屑ぽんぽん
4254,星崎ゆうき
4255,星崎崑
4256,星影透
4257,星彼方
4258,星月子猫
4259,星期三
4260,星术师
4261,星河圣光
4262,星河蛋挞
4263,星火燎原
4264,星空めてお
4265,星窓ぽんきち
4266,星辰雨
4267,星野樱
4268,星野真弓
4269,星野舞夜
4270,星零
4271,映烧可乐
4272,春の日びより
4273,春乃春海
4274,春刀寒
4275,春志乃
4276,春日 みかげ
4277,春溪笛晓
4278,春野隠者
4279,春风暖暖
4280,春风榴火
4281,春风遥
4282,昨日見多友人
4283,昭昭
4284,是否可以留下
4285,是曦和不是羲和
4286,是树里
4287,是笙
4288,是鐘リュウジ
4289,是陛下
4290,昼寝する亡霊
4291,昼熊
4292,昼行燈
4293,時任要
4294,時野洋輔
4295,時間旅行
4296,時雨沢恵一
4297,晏十日
4298,晏央
4299,晏白白
4300,晒太阳的猫
4301,晓云
4302,晓夜圆舞曲
4303,晓浅
4304,晕血的羔羊
4305,晚来风急
4306,晚间八点档
4307,晨星ll
4308,晨羽
4309,景兰
4310,景生京月
4311,晴天昭昭
4312,晴川泪相思
4313,晴月
4314,晴空舞
4315,晴空蓝兮
4316,暁 雪
4317,暁なつめ
4318,暁月
4319,暁桃香
4320,暁雪
4321,暖城碎影
4322,暖心
4323,暖暖
4324,暖暖的茶
4325,暖灰
4326,暖白
4327,暖荷
4328,暗夜幽殇
4329,暗夜流光
4330,暗尘弥散
4331,暗狱领主
4332,暗香漂浮
4333,暗魔师
4334,暮兰舟
4335,暮安浅
4336,暮寒公子
4337,暮序
4338,暮影司
4339,暮雨神天
4340,暴躁的螃蟹
4341,暴雨梨花粥
4342,曙なつき
4343,曲一
4344,曲奇碎可可
4345,曲小兮
4346,曲小蛐
4347,更俗
4348,更漏寒
4349,書店ゾンビ
4350,曾经是少年
4351,曾经的青柳
4352,最上ムニ
4353,最爱喵喵
4354,最爱梅子酒
4355,最近
4356,月七兮
4357,月下
4358,月下一点红
4359,月下凉
4360,月下小羊
4361,月下归
4362,月下桑
4363,月下眠
4364,月下莲客
4365,月下蝶影
4366,月下魂销
4367,月之熙
4368,月京蝶
4369,月亮不发光
4370,月亮好圆
4371,月佩環
4372,月儿
4373,月光梅影
4374,月关
4375,月出云
4376,月千重
4377,月半丁
4378,月半喵
4379,月半墙
4380,月半要分家
4381,月土月土
4382,月夜
4383,月夜\u3000涙（るい）
4384,月夜の黒ねこ
4385,月夜乃 古狸
4386,月夜红莲
4387,月如希
4388,月如火
4389,月島 秀一
4390,月影 雪
4391,月惜冰
4392,月斜影清
4393,月无言
4394,月昼
4395,月暮未央
4396,月曜
4397,月汰元
4398,月流光
4399,月浅语
4400,月渐寒
4401,月照溪
4402,月牙儿
4403,月神 サキ
4404,月神サキ
4405,月落歌不落
4406,月落紫珊
4407,月見ココア
4408,月詠
4409,月越风
4410,月野 文人
4411,月鳴
4412,月麒麟
4413,有人无品
4414,有夢想的青菜
4415,有女如荼
4416,有機企画
4417,有点困
4418,有狐千岁
4419,有种就来操我啊
4420,有酒
4421,有鱼酱
4422,服部正蔵
4423,朏猫
4424,朕有话要说
4425,朕的小鱼干
4426,望三山
4427,望公太
4428,望月くらげ
4429,望月兴叹
4430,望月存雅
4431,望月麻衣
4432,望穿冬水
4433,朝不保夕
4434,朝倉一二三
4435,朝倉牧師
4436,朝圣言
4437,朝戸麻央
4438,朝日奈\u3000呈
4439,朝比奈 和
4440,朝燦
4441,朝述
4442,朝野りょう
4443,朝陽天満
4444,朝陽遥
4445,朦络
4446,朦胧春月
4447,木一舟
4448,木三观
4449,木下雉水
4450,木九言
4451,木作舟
4452,木偶的心动
4453,木兮娘
4454,木兰竹
4455,木原ゆう
4456,木塚 麻弥
4457,木塚ネロ
4458,木天涯
4459,木子以栖
4460,木子箐
4461,木尺素
4462,木崎ちあき
4463,木嶋隆太
4464,木川\u3000陸
4465,木幽灵
4466,木恒
4467,木木雨
4468,木村
4469,木村成寿
4470,木樫
4471,木浮生
4472,木湯
4473,木瓜乙
4474,木瓜黃
4475,木瓜黄
4476,木立 花音
4477,木童心
4478,木筱松
4479,木緒なち
4480,木苏里
4481,木采
4482,木野二九
4483,木野裕喜
4484,未来人a
4485,未眠君
4486,未礼
4487,未良
4488,末烟
4489,末錦
4490,末陽琛
4491,本堂まいな
4492,本堂ゆうき
4493,本宫微胖
4494,本田紬
4495,本町かまくら
4496,本知そら
4497,朱之月
4498,朱市望
4499,朱月十話
4500,朱朱
4501,朱莉
4502,朱邪多闻
4503,朱雀新吾
4504,朱颜之歌
4505,机器人瓦力
4506,杀小丸
4507,杂音未来\u3000
4508,杉原\u3000智則
4509,杉原理生
4510,杉崎
4511,李丘那岐
4512,李中有梦
4513,李四羊
4514,李家嬷嬷
4515,李思危
4516,李悦芽
4517,李慢慢
4518,李政達
4519,李李翔
4520,李温酒
4521,李秋琅
4522,李肉糜
4523,李闲鱼
4524,李雪夜
4525,李鸿天
4526,杏亭リコ
4527,杏仁茶
4528,村人t
4529,村口大石头
4530,村川咲（赤村咲）
4531,村田天
4532,杓子ねこ
4533,杜了了
4534,杜冒菜
4535,杜奏みなや
4536,来碗牛肉饭
4537,杨十六
4538,杨溯
4539,杭白
4540,杰克猫咪
4541,杰歌
4542,東国不動
4543,東堂大稀
4544,東導号
4545,東源雷頸華
4546,東西\u3000太助
4547,東西南喜多
4548,東雲カイ
4549,松ノ上 ショウや
4550,松子茶
4551,松屋大好 練習中
4552,松山剛
4553,松智洋
4554,松村涼哉
4555,松村道彦
4556,松浦
4557,松花酿
4558,板栗子
4559,极品妖孽
4560,枕湿够了
4561,林トモアキ
4562,林中之马的魔王
4563,林仑
4564,林圆
4565,林家成
4566,林小样
4567,林无措
4568,林月初
4569,林海听涛
4570,林盎司
4571,林知落
4572,林绵绵
4573,林言
4574,林静
4575,林音
4576,果子酱汁
4577,枝玖
4578,枝薄荷味
4579,枢 呂紅
4580,枪手1号
4581,枫之幻想
4582,枫叶天
4583,枫叶缀
4584,枫吟紫辰
4585,枫玥无涯
4586,枭药
4587,枯れ始めの山茶花
4588,枯木再生
4589,枯木沉香
4590,枯玄
4591,枯野瑛
4592,枳衣
4593,枸杞配大枣
4594,柊 一葉
4595,柊★たくみ
4596,柊むぅ
4597,柊咲
4598,柏てん
4599,柏木 正人
4600,柏林石匠
4601,柏瑭
4602,某嗷
4603,某某木
4604,某片叶子
4605,柑橘 ゆすら
4606,柒惜
4607,柒殇祭
4608,柒腻
4609,染井由乃
4610,染墨东篱
4611,染浔
4612,柔桡轻曼
4613,柚原テイル
4614,柚子れもん
4615,柚子冰茶
4616,柚子多肉
4617,柚子水豚
4618,柚木ハルカ
4619,柚木原みやこ
4620,柚本 悠斗
4621,柚本悠斗
4622,柚河
4623,柚色miyo
4624,柚茶七
4625,柠檬叶子
4626,柠檬笑
4627,柠檬精
4628,查良鏞
4629,查雅金妲
4630,柳一条
4631,柳下挥
4632,柳実冬貴
4633,柳暗花溟
4634,柳月ほたる
4635,柳枫
4636,柳毵毵
4637,柳水心
4638,柳满坡
4639,柳碎夜
4640,柳诺诺
4641,柴又
4642,柴进
4643,柴鸡蛋
4644,柿心刃
4645,栀九
4646,栖见
4647,栖迟q
4648,栖风念
4649,栗木下
4650,栗栖ティナ
4651,栢本みおり
4652,根崎タケル
4653,格子裡的夜晚
4654,桂樹ねね
4655,桃 春花
4656,桃之幺
4657,桃口\u3000優
4658,桃喜喜
4659,桃子苏
4660,桃巴
4661,桃枝丸丸
4662,桃白百
4663,桃花剑士
4664,桃花千千
4665,桃花引
4666,桃花朵朵香
4667,桃花白茶
4668,桃花糕
4669,桃花露
4670,桐刻
4671,桐华
4672,桐花飞舞
4673,桐野紡
4674,桑妮
4675,桑沃
4676,桑间
4677,桔子树
4678,桔梗楓
4679,桜
4680,桜あげは
4681,桜井 悠
4682,桜井ゆきな
4683,桜井春樹
4684,桜川ヒロ
4685,桜月詩星
4686,桜木桜
4687,桜木海斗
4688,桜瀬彩香
4689,桜田家族
4690,桜祭
4691,桜霧琥珀
4692,桜鳴 颯祈
4693,桝田 省治
4694,桥月仍在
4695,桩桩
4696,梁不凡
4697,梁思危
4698,梁蘊如
4699,梁阿渣
4700,梅儿若雪
4701,梅子黄时雨
4702,梅开
4703,梅月雪
4704,梅果
4705,梅枝细雪
4706,梅田遼介
4707,梅花三弄
4708,梅花六
4709,梅贝尔
4710,梓云溪
4711,梓楹
4712,梦.千航
4713,梦三生
4714,梦入神机
4715,梦娃
4716,梦寻千古
4717,梦岂
4718,梦幻后主
4719,梦廊雨
4720,梦想者007
4721,梦溪石
4722,梦舍离
4723,梦魇殿下
4724,梨子
4725,梨花三醉
4726,梨花烟雨
4727,梨花白
4728,梨花糖
4729,梨花酿
4730,梨落秋溪
4731,梨蓝蓝
4732,梨钳
4733,梵砂
4734,梶島 正樹
4735,棋子
4736,棒棒冰
4737,棕熊贝吉塔
4738,棚架ユウ
4739,棚花尋平
4740,棠不吝
4741,森たくわん
4742,森下りんご
4743,森山智仁
4744,森崎朝香
4745,森崎緩
4746,森森
4747,森田季節
4748,森絵都
4749,森見登美彦
4750,椎名さえら
4751,椎名ほわほわ
4752,椎名甘楚
4753,椎奈まこと
4754,椰丝糖
4755,椰子絮
4756,椰汁土豆丸
4757,椿
4758,椿あこ
4759,楓原こうた
4760,楓成
4761,楚寒衣青
4762,楚柒墨
4763,楚湘
4764,楚玥
4765,楚琴子
4766,楚白
4767,楚青晏
4768,楠のびる
4769,楠木生生
4770,楢山幕府
4771,楪
4772,楼不危
4773,楼孤
4774,楼小意
4775,楼晚晴
4776,楼萦
4777,楼雨晴
4778,榊原モンショー
4779,榎本快晴
4780,榎田 尤利
4781,榛名丼
4782,榴莲巧克力
4783,槙村 淳弥
4784,槻影
4785,樋辻臥命
4786,横塚司
4787,横扫天涯
4788,横蛍
4789,樫の木人形
4790,樱桃小萌子
4791,樱花包
4792,樹遠零
4793,橋広功
4794,橘
4795,橘 ぱん
4796,橘 公司
4797,橘 千秋
4798,橘\u3000月菜
4799,橘もも
4800,橘子伯爵
4801,橘子又圆又甜
4802,橘子味
4803,橘子宸
4804,橘子水
4805,橘子舟
4806,橘由華
4807,橘花散里
4808,橙子澄澄
4809,橙子雨
4810,機人レンジ
4811,機村械人
4812,檀尘
4813,檸檬火焰
4814,櫂末高彰
4815,櫻井 春輝
4816,櫻井三丸
4817,櫻井千姫
4818,櫻坂ゆかり
4819,欠金三两
4820,欢脱兔
4821,欣欣向荣
4822,欧俊呈
4823,欧克皮德
4824,欧阳晕
4825,欲晓
4826,歌詞
4827,止宁
4828,正义迪
4829,正是日生时
4830,正月初琪
4831,正言
4832,步从容
4833,步千帆
4834,步履无声
4835,步征
4836,步月浅妆
4837,步行天下
4838,武少陵
4839,死神阿努比斯
4840,死翼耐萨里奥
4841,殊十一
4842,殊同
4843,殊娓
4844,残剑啊啊啊啊
4845,残念無念
4846,残红无处
4847,残阳飞雪
4848,殷云染
4849,殺豬刀
4850,殿上不殿下
4851,殿前欢
4852,毒ガエル
4853,毒步天下
4854,毒笑
4855,毒美人
4856,比卡比
4857,比古胡桃
4858,毕淑敏
4859,毛ライタ
4860,毛厚
4861,毛熊
4862,毛球球
4863,毛肚好吃
4864,毛鸟
4865,気がつけば毛玉
4866,気まぐれ屋さん
4867,水云行
4868,水仙乘鲤
4869,水冰冷
4870,水千丞
4871,水千澈
4872,水卿卿
4873,水垣するめ
4874,水城正太郎
4875,水城雪見
4876,水埜 アテルイ
4877,水声
4878,水如天儿
4879,水嫩芽
4880,水晶翡翠肉
4881,水木龙
4882,水杉
4883,水果店的瓶子
4884,水森森
4885,水沫缘浅
4886,水泉
4887,水清竹
4888,水源＋α
4889,水瀬葉月
4890,水無月 静琉
4891,水無月さらら
4892,水破长空
4893,水耘公子
4894,水草浮萍
4895,水辺野かわせみ
4896,水野沙彰
4897,水阡墨
4898,水龙
4899,氷純
4900,氷高悠
4901,氷魚\u3000彰人
4902,永恒之火
4903,永瀬さらさ
4904,永菜葉一
4905,求嵐
4906,求无欲
4907,汉宝
4908,汝夫人
4909,汝尘肆
4910,江一水
4911,江丸子
4912,江亭
4913,江南
4914,江南魂姑娘
4915,江口連
4916,江山如画
4917,江川春伸
4918,江心小舟
4919,江时
4920,江月年年
4921,江本マシメサ
4922,江波光則
4923,江洋大刀
4924,江海寄余生
4925,江渔
4926,江湖不见
4927,江湖再见
4928,江独欢
4929,江至疏
4930,江萝萝
4931,池中砚
4932,池中織奈
4933,池井戸潤
4934,池多鱼
4935,池崎数也
4936,池总渣
4937,池翎
4938,池边人\xa0
4939,池陌
4940,汩泉
4941,汪毛球
4942,汶滔滔
4943,沁纸花青
4944,沈日十
4945,沈沧眉
4946,沈芙瑶
4947,沈苔雅
4948,沈青
4949,沉入海底
4950,沉舟醉月
4951,沉默的糕点
4952,沐之晴
4953,沐木青陽
4954,沐沐良辰
4955,沐沐超级乖
4956,沐茜茜
4957,沐葵
4958,沐衣衣
4959,沙漠
4960,沙漠みらい
4961,沙砾海市
4962,沙舟踏翠
4963,沢村治太郎
4964,沢野いずみ
4965,沧月
4966,沧海犹蓝
4967,沧海遗墨
4968,沫之离
4969,沫曰
4970,河夏
4971,河汉
4972,河汉/一阳来复
4973,河津田 眞紀
4974,油炸包子
4975,油爆香菇
4976,沽飞双
4977,沾花公子
4978,沾衣
4979,泅渡渡
4980,泇诺
4981,泉
4982,泉野ジュール
4983,泊岸边
4984,法律屋
4985,法玛勇士
4986,泛舟填词
4987,泡泡雪儿
4988,泡麵香腸
4989,波湖真
4990,波瀾 紡
4991,泥胖胖
4992,洋之東西
4993,洗泥
4994,洛冰凌
4995,洛城东
4996,洛子雲
4997,洛小二
4998,洛小颜
4999,洛日
5000,津ヶ谷
5001,津野瀬 文
5002,洪荒大狐仙儿
5003,洪荒未名
5004,洲是
5005,活宝是个宝
5006,流云彩袖
5007,流光闪腰
5008,流兮冉
5009,流年木夕(liúnián mù xī)
5010,流年知彼时
5011,流年飞雪
5012,流星
5013,流水无痕
5014,流浪狗的悲哀
5015,流浪的蛤蟆
5016,流牙
5017,流石ユユシタ
5018,浅名ゆうな
5019,浅墨璃殇
5020,浅夜白
5021,浅年华
5022,浅晓萱
5023,浅木夢見道
5024,浅浅青衣
5025,浅淡的月牙
5026,浅淡语
5027,浅玖
5028,浅绿
5029,浅茶浅绿
5030,浅蓝岚
5031,浅醉微梦
5032,浊酒润喉
5033,济府老赵
5034,浓墨浇书 著
5035,浜千鳥
5036,浦之瀬\u3000開
5037,浦和篤樹
5038,浪太郎
5039,浪涛
5040,浪漫烟灰
5041,浪高三尺三
5042,浮世草子
5043,浮屠妖
5044,浮生皆未尽
5045,浮白曲
5046,浮绘心痕
5047,浮萍叶子
5048,海之星辰
5049,海利昂黎明星
5050,海声微凉
5051,海宴
5052,海月崎まつり
5053,海東 方舟
5054,海棠花开
5055,海獅子
5056,海空りく
5057,海翔
5058,海老エビ子
5059,海贼大剑
5060,海青拿天鹅
5061,涅槃之舞
5062,涟情
5063,涩涩爱
5064,涮脑花儿
5065,涯兮
5066,涵昭
5067,涼風
5068,淡味风
5069,淡樱
5070,淡画书墨
5071,淡薄重利
5072,淡雪
5073,淮上
5074,淮山包子
5075,深临
5076,深山鈴
5077,深木
5078,深海先生
5079,深海手术刀
5080,深海遊龍
5081,深渊龙骑士
5082,深瀬 月乃
5083,深空星海
5084,深蓝椰子汁
5085,深蓝水浅
5086,深見おしお
5087,淺綠
5088,清冬
5089,清容
5090,清弘むいこ
5091,清时明月
5092,清欢
5093,清歌一片
5094,清歌阙阙
5095,清水可倚
5096,清水娘娘
5097,清水燃
5098,清河老师
5099,清浅边缘
5100,清越流歌
5101,清酒
5102,清闲丫头
5103,清韵小尸
5104,清风恋飘雪状
5105,清魂
5106,清麓
5107,渊爻
5108,渐进淡出
5109,渡井 彩加
5110,渡杀
5111,渡航
5112,渡辺恒彦
5113,渣三快住手
5114,温吞的女人
5115,温泉文庫
5116,温煦依依
5117,温瑜宽
5118,港瀬つかさ
5119,游喜
5120,游鲲
5121,湖喵
5122,湖涂
5123,湛蓝工房
5124,湮叶
5125,湯上\u3000日澄
5126,湯水 快
5127,湯立向日
5128,溝上良
5129,溪坳与鱼
5130,溪夕汐
5131,溪州
5132,溯痕
5133,滚开
5134,滝本
5135,满城时光
5136,漂月
5137,漆环念
5138,漆瞳
5139,漢唐歸來
5140,漪光
5141,漫漫何其多
5142,漫漫天生
5143,潇湘冬儿
5144,潇潇夜雨
5145,潇潇慕雨
5146,潇铭
5147,潜心梦徒
5148,潜鳞重渊
5149,潭石
5150,澄守彩
5151,澜风木羽
5152,澤村御影
5153,澪亜
5154,濃縮還元ぶどうちゃん
5155,瀛之
5156,瀛渔
5157,瀧野魔論
5158,瀬尾つかさ
5159,瀬尾優梨
5160,瀬尾照
5161,瀬峰りあ
5162,瀬戸
5163,瀬戸メグル
5164,瀬戸夏樹
5165,火中物
5166,火侍
5167,火影之光
5168,火星引力
5169,火星熊猫
5170,火洞
5171,火爆鱿鱼
5172,火狸
5173,火神
5174,火野\u3000あかり
5175,灯
5176,灯台
5177,灯雨黄昏
5178,灰原\u3000悠
5179,灰島シゲル
5180,灰河
5181,灰猫
5182,灰猫陽路
5183,灰碳里的猫
5184,灰神楽
5185,灰色
5186,灵小哥
5187,灵狐舞玉
5188,灸尾妖狐
5189,灼华
5190,灿淼爱鱼
5191,炎頭
5192,炙蒔韰99
5193,炮击龙
5194,炸萌炸懵
5195,点精灵
5196,烈焰滔滔
5197,烏丸じょう
5198,烟云雨起
5199,烟斗老哥
5200,烟本是道
5201,烟波江南
5202,烟火成城
5203,烟猫
5204,烟翎
5205,烟花不是花
5206,烟雨江南
5207,烟雨芳汀
5208,烦恼的香烟
5209,烦烦不烦
5210,热到昏厥
5211,烽仙
5212,烽火戏诸侯
5213,烽火成林
5214,無嶋樹了
5215,無心之木
5216,無断欠勤。
5217,無為無策の雪ノ葉
5218,無胥
5219,無銘工房
5220,焦田 シューマイ
5221,焦糖冬瓜
5222,焱熙
5223,煙雨
5224,煢獨
5225,熊乃げん骨
5226,熊煮
5227,熊狼狗
5228,熊猫布丁
5229,熊猫快跑
5230,熬夜大白
5231,燃烧火土
5232,燃燒的地獄咆哮
5233,燎燎荒草
5234,燕双鹰穿皮衣
5235,燕孤鸿
5236,燦々sun
5237,爱吃大包子
5238,爱吃辣鸡粉
5239,爱吃鱼尾巴
5240,爱哭的小魔王
5241,爱潜水的乌贼
5242,爱看天
5243,爱舞
5244,爱莲斋
5245,爱虾的鱼
5246,爵位鸭脖
5247,爸爸无敌
5248,片遊佐 牽太
5249,片里鴎
5250,牙
5251,牛奶凉了
5252,牛奶糖
5253,牛油果奶昔
5254,牛油果桃儿
5255,牛皮
5256,牧云岚卿
5257,牧原のどか
5258,牧场的晓龙
5259,牧官
5260,牧村エイリ
5261,牧狐
5262,牧童听竹
5263,牧粮人
5264,牧野 圭祐
5265,犁天
5266,犬君 雀
5267,犬塚惇平
5268,犬島百花
5269,犬村小六
5270,犬犬
5271,犬社護
5272,犬魔人
5273,犹似
5274,犹大的烟
5275,狂奔的海马
5276,狂想之途
5277,狂摇小尾巴
5278,狂渚
5279,狂笑
5280,狄与
5281,狄山離朱
5282,狄秋
5283,狐島本土
5284,狐狸
5285,狐狸小姝
5286,狐生有梦
5287,狐谷まどか
5288,狗娃子
5289,狩真 健
5290,狩野景
5291,独孤游子
5292,独孤纯水
5293,独悠
5294,独来
5295,独步云霄
5296,狭山ひびき
5297,狮子东
5298,狸花儿
5299,狼川
5300,狼烟
5301,狼花
5302,猎人瞳
5303,猎枪
5304,猗兰霓裳
5305,猛虎啃蔷薇
5306,猛虎道长
5307,猪口
5308,猪宝宝萌萌哒
5309,猪小小
5310,猪爪ケイ
5311,猫じゃらしポン吉
5312,猫之橘
5313,猫八先生
5314,猫夜叉
5315,猫子
5316,猫宮乾
5317,猫尾茶
5318,猫柳\u3000鉄平
5319,猫梟
5320,猫正宗
5321,猫毛儒
5322,猫洞\u3000文月
5323,猫田
5324,猫耳铃铛
5325,猫腻
5326,猫野
5327,猿渡かざみ
5328,玄一
5329,玄楼重霄
5330,玄笺
5331,玄隐
5332,玄雨
5333,玉兎
5334,玉堂人
5335,玉寺人
5336,玉案青
5337,玉楼春
5338,玉衡暄琰
5339,玉见阳
5340,玉鋼バンブー
5341,玉露
5342,玉響なつめ
5343,王培培
5344,王女归来
5345,王小蛮
5346,王度庐
5347,王水
5348,王知命
5349,玖城 ナギ
5350,玖宝
5351,玖月
5352,玖月晞
5353,玖洞
5354,玖玥瑾
5355,玚瑷
5356,珈蓝
5357,珊珊不迟\xa0
5358,珊瑚树
5359,珑公子
5360,珠城真
5361,珪素
5362,琅沐
5363,琅琊尊者
5364,理不尽な孫の手
5365,理央
5366,琉璃九颜
5367,琥珀 あひる
5368,琥珀纽扣
5369,琥珀虫子
5370,琴子
5371,琴平 稜
5372,琴心輕吟
5373,瑆玥
5374,瑞智士記
5375,瑞根
5376,瑠美るみ子
5377,瑤小白
5378,瑰屿
5379,璃漓珠
5380,璃绯樱
5381,璧海
5382,瓦伦丁
5383,瓶子
5384,瓷话
5385,甄栗子
5386,甘岸久弥
5387,甘沢林檎
5388,甘源gy
5389,甘米儿
5390,甘蔗奶爸
5391,甜七柒
5392,甜四娘
5393,甜柚茶
5394,甜橘小笼包
5395,甜画舫
5396,甜竹
5397,甜腻小米粥
5398,甜西宝
5399,生ゼンマイ
5400,生姜太郎
5401,田中 ロミオ
5402,田中ドリル
5403,田中義男
5404,田十
5405,田唐
5406,田园泡
5407,田園如夢
5408,田尾典丈
5409,田山翔太
5410,田島マグワイヤー
5411,田辺焼
5412,由唯
5413,由房
5414,甲乙明堂
5415,甲子亥
5416,甲川乙川
5417,申公豹
5418,电线
5419,画兮
5420,画梁
5421,画烟
5422,界限公约project
5423,留史楚韵
5424,番大王
5425,番茄不吃檸檬
5426,番茄煎西红柿
5427,畫裏禪空
5428,疎陀陽
5429,疯丢子
5430,疯狂→蚊子
5431,疯狂的萌萌
5432,疯花
5433,疾月
5434,疾风不知
5435,病蛙
5436,痣鸽
5437,瘤久保 慎司
5438,白丝妹丶控
5439,白云诗诗诗
5440,白井ムク
5441,白兎 龍
5442,白十
5443,白夜未明
5444,白天
5445,白头梦
5446,白念君
5447,白日上楼
5448,白日坐梦
5449,白日宴火
5450,白日曦
5451,白木白亜
5452,白梵
5453,白沢戌亥
5454,白河
5455,白波ハクア
5456,白浜 海
5457,白狐辞
5458,白猫
5459,白玉ぜんざい
5460,白石定規
5461,白石新
5462,白秋练
5463,白米良
5464,白糖酱
5465,白纸一箱
5466,白纸点墨
5467,白羽摘雕弓
5468,白羽鳥
5469,白色矮星
5470,白芥子
5471,白花かなで
5472,白芸
5473,白茶
5474,白茶青欢
5475,白蒙蒙
5476,白蘸糖
5477,白街
5478,白袍人
5479,白雨涵
5480,白青虎猫
5481,白驹易逝
5482,白骨合
5483,白魔海
5484,白鳥 士郎
5485,白鹭成双
5486,白鹭爱吃鱼
5487,百分之七
5488,百合宮\u3000伯爵
5489,百均
5490,百户千灯
5491,百炼成殇
5492,百里桃酥
5493,百里龙虾
5494,百門一新
5495,百香蜜
5496,百鸟朝风
5497,百黒
5498,皇后不管事
5499,皇挚
5500,皇甫奇
5501,皎皎
5502,皙亚
5503,皮侠客
5504,皮卡脩
5505,盈澈逝雪
5506,盈蓝梦
5507,盈风
5508,盐焗大龙虾
5509,盛郸
5510,盲候
5511,直上青云
5512,相九爷
5513,相川雨音
5514,相思梓
5515,相思洗红豆
5516,相浦アキラ
5517,相野仁
5518,相馬アルパカ
5519,看本书的人都帅
5520,看门狗的助理
5521,真坂乃タイシ
5522,真山仁
5523,真山空
5524,真島 文吉
5525,真崎ひかる
5526,真弓りの
5527,真打
5528,真木ハヌイ
5529,真熊初墨
5530,真田まこと
5531,真的老狼
5532,真籠 縁
5533,真莉
5534,真衍之道
5535,眠眠咩
5536,睡懒觉的喵
5537,睡眠不足
5538,睡眠噴霧
5539,睡秋
5540,睡芒
5541,睡觉会变白
5542,瞌睡鱼游走
5543,瞳师
5544,瞻南北顾
5545,瞿如
5546,矛盾的橙子
5547,矢野優斗
5548,矢野月椛
5549,知南
5550,知新
5551,知甜
5552,知白
5553,短い
5554,石上清泉
5555,石和￥
5556,石头羊
5557,石榴小姐
5558,石清泉石
5559,石田リンネ
5560,石製インコ
5561,石闻
5562,砂糖\u3000多労
5563,砂糖いちご
5564,砂糖こむぎ
5565,研研夏日
5566,研究员4869
5567,砚染梅香
5568,砚落白
5569,破壶
5570,破滅
5571,破脑袋
5572,硬梨菜
5573,碉堡堡
5574,碧
5575,碧云天
5576,碧玉萧
5577,碧蓝的世界
5578,碳酸
5579,碳酸鱼雷
5580,磯貝武連
5581,祁木伢
5582,祈みさき
5583,祈容
5584,祈幽
5585,祈祷君
5586,祎庭沫瞳
5587,祝宁
5588,祝辞酒
5589,神仙爱凡尘
5590,神叹
5591,神咲\u3000炎楼
5592,神埼 黒音
5593,神埼美宙
5594,神天衣
5595,神尾丈治
5596,神山 りお
5597,神山りお
5598,神島大和
5599,神崎紫电
5600,神崎美宙
5601,神月夜月
5602,神武
5603,神無月紅
5604,神田夏生
5605,神田暁一郎
5606,神田洛
5607,神红火
5608,神莫人
5609,神见
5610,神谷錬
5611,神通力
5612,神部\u3000大
5613,神里 大和
5614,神野 オキナ
5615,神風団十郎重国
5616,神龙吞恶虎
5617,祸魁
5618,禅心月
5619,福宝
5620,福山松江
5621,福花
5622,禹岩
5623,禹枫
5624,离弗
5625,离殇
5626,离火加农炮
5627,离群戏 著
5628,禾早
5629,秀文
5630,秃头披风
5631,秃子小贰
5632,秋
5633,秋ぎつね
5634,秋丛
5635,秋二方
5636,秋凌动
5637,秋十杀
5638,秋千在时
5639,秋吉理香子
5640,秋名
5641,秋后问盏
5642,秋夜雨寒
5643,秋弦月
5644,秋晨
5645,秋晴雨生
5646,秋月\u3000アスカ
5647,秋桜ヒロロ
5648,秋水靈兒
5649,秋沐
5650,秋目 人
5651,秋葉竹
5652,秋风123
5653,种阳者
5654,秒速九光年
5655,秕
5656,秘辛者
5657,秤猿鬼
5658,秦三见
5659,秦书梦叶
5660,秦原
5661,秦喜儿
5662,秦墨北
5663,秦嬴儿
5664,秦小词
5665,秦明
5666,秦简
5667,程持
5668,程诺一
5669,稚棠
5670,稚楚
5671,稲井田そう
5672,稲荷竜
5673,稷下半步君子
5674,稻草也疯狂
5675,穂兎ここあ
5676,穂積潜
5677,穆丹枫
5678,穆青延
5679,穆鱼
5680,穏やかなやかん
5681,穷四
5682,空乃智春
5683,空助
5684,空地大乃
5685,空埜一樹
5686,空夢
5687,空心節竹
5688,空想之龙
5689,空星
5690,空流
5691,空灯流远
5692,空空狐王
5693,空菊
5694,空谷玲奈
5695,空飛ぶひよこ
5696,穿风衣的山鬼
5697,窮鼠
5698,立花
5699,立花フミ
5700,立花慎之介
5701,竖起的食指
5702,站着写文
5703,竜山\u3000三郎丸
5704,竜愛
5705,章鱼
5706,童子
5707,童柯
5708,童涅儿
5709,童童童子
5710,端木初初
5711,端木摇
5712,竹内けん
5713,竹内すくね
5714,竹向晚
5715,竹岡葉月
5716,竹已
5717,竹智
5718,竹本\u3000芳生
5719,竹町
5720,笑うヤカン
5721,笑佳人
5722,笑千金
5723,笑猫嫣然
5724,笑笑书生
5725,笑笑妹
5726,笑筱笙
5727,笑脸猫
5728,笑蓝
5729,笔仙在梦游
5730,笔名周小姐
5731,笔墨纸键
5732,笔婉
5733,笙昭
5734,笙欹
5735,笙离
5736,笙箫剑客
5737,笛声悠扬
5738,笠鳴小雨
5739,第五熙
5740,第十六笼馒头
5741,第６１６特別情報大隊
5742,笹 塔五郎
5743,笹塔五郎
5744,笹木さくま
5745,笹村 彼方
5746,等一
5747,等到夜深
5748,筍
5749,筏田かつら
5750,筠倾
5751,筧 千里
5752,筱梦昕雨
5753,筱玄
5754,简十一
5755,简图
5756,简暗
5757,箕崎 准
5758,箕崎准
5759,管红衣
5760,箫声悠扬
5761,箫酒
5762,箱入蛇猫
5763,箱庭制作委員会
5764,篠原皐月
5765,篠宮 夕
5766,篠崎 芳
5767,篠崎冬馬
5768,篠森京夜
5769,篠浦 知螺
5770,籠の中のうさぎ
5771,米兰lady
5772,米津
5773,米淼
5774,米粒小酒窝
5775,米織
5776,类似瓜子
5777,籽月
5778,粱人
5779,精分柚子茶
5780,精装激光雕刻机
5781,糖一雪
5782,糖不停
5783,糖中猫
5784,糖丸丸
5785,糖九分
5786,糖尾帅
5787,糖山月
5788,糖弦
5789,糖心橙
5790,糖心汤圆\xa0
5791,糖果
5792,糖果淼淼
5793,糖果粉粉
5794,糖果麻麻
5795,糖糕很甜
5796,糖糖妖儿
5797,糖醋于
5798,糜陛
5799,糯米饼
5800,糸加
5801,糸四季
5802,糸森 環
5803,系辭上
5804,紅月シン
5805,紅燒豆腐干
5806,紅狐
5807,紗凪 ケイ
5808,紙城境介
5809,素年堇时
5810,素手折枝
5811,素昧平生
5812,素熙
5813,素辰
5814,素陌陈
5815,紫ユウ
5816,紫伊281
5817,紫屋魔恋
5818,紫晶水凌
5819,紫月
5820,紫水ゆきこ
5821,紫炎
5822,紫界
5823,紫矜
5824,紫舞玥鸢
5825,紫色木屋
5826,紫色荆棘
5827,紫芯玉
5828,紫苏琉莲
5829,紫蓝色的猪
5830,紫藤 咲
5831,紫藤夜
5832,紫陌
5833,紫陽花
5834,紫雨漪漪
5835,紫青悠
5836,細音啓
5837,紳士
5838,紺野
5839,終身不婚
5840,結城十維
5841,結城涼
5842,結城絡繰
5843,結城藍人
5844,結木さんと
5845,結羽
5846,絢乃
5847,給您添蘑菇啦
5848,綜奈\u3000勝馬
5849,網ネット
5850,綾崎オトイ
5851,綾里けいし
5852,綿あめ真
5853,緋月紫砲
5854,緋月薙
5855,緋泉 ちるは
5856,緋緋色兼人
5857,緋色の雨
5858,緑
5859,緑のキツネ
5860,緑名紺
5861,緑黄色野菜
5862,編乃肌
5863,縞田理理
5864,縷散
5865,繁华落尽
5866,繁尘
5867,繁朵\xa0
5868,織笠\u3000遊人
5869,红九
5870,红刺北
5871,红口白牙
5872,红太狼.
5873,红妖妖
5874,红小亮
5875,红小酥
5876,红尘
5877,红枣
5878,红水
5879,红海大提督
5880,红烧肉
5881,纪婴
5882,纪开怀
5883,纪茗
5884,纯情犀利哥
5885,纯洁小百合
5886,纯风一度
5887,纯黑色祭奠
5888,纳兰凤瑾
5889,纳兰又
5890,纳兰坤
5891,纳兰榴莲
5892,纳兰翠花
5893,纳兰闲
5894,纷纷和光
5895,纸花船
5896,绅士东
5897,细浪
5898,织梦姬
5899,织语长心
5900,终级boss飞
5901,绍兴十一
5902,经年未醒
5903,结局后才明白
5904,绘空事 丶
5905,给力
5906,给力不打折
5907,绛美人
5908,络缤
5909,绝品杜少
5910,绝对科学
5911,绝望的萝卜
5912,绣生
5913,绯炎
5914,绯色涟漪
5915,维客
5916,绵夏
5917,绾山系岭
5918,绾真
5919,绾砂
5920,绿野千鹤
5921,缕浮华
5922,缘何故
5923,缘分0
5924,缘求半世
5925,缚龙
5926,缠绕在指尖的灵感
5927,缪娟
5928,缸里有米
5929,缺氧的氧气瓶
5930,罂粟
5931,网友小张
5932,网络黑侠
5933,罗小西
5934,罗开
5935,罗森
5936,罗绮
5937,罗败家
5938,罗酱
5939,罗霸道
5940,罗青梅
5941,罗静
5942,羊太郎
5943,羊山十一郎
5944,羌塘
5945,美人无霜
5946,美夜香月
5947,美椒
5948,美浜ヨシヒコ
5949,美紅
5950,美羊羊公主殿下
5951,美雨
5952,羲和清零
5953,羽々音色
5954,羽二重銀太郎
5955,羽咲うさぎ
5956,羽夜三石
5957,羽小树
5958,羽山一明
5959,羽智遊紀
5960,羽林都督
5961,羽沢向一
5962,羽瀬川ルフレ
5963,羽田遼亮
5964,羽萌
5965,羽蛇
5966,羽衣肃肃
5967,翔炎
5968,翘摇
5969,翡翠
5970,翦羽
5971,翩若行云
5972,耀火
5973,老喵
5974,老娘取不出名字了
5975,老干部的颈椎病
5976,老施
5977,老狗
5978,老玖
5979,老碧
5980,老老徐
5981,老衲吃素
5982,老鹰吃小鸡
5983,者作
5984,耳东兔子
5985,耳丰虫
5986,耳根
5987,耳钉
5988,耳雅
5989,耿灿灿
5990,聂小宝
5991,聆听死者的声音
5992,聊天群 聊天群
5993,聪明机智菜菜菜
5994,聿见
5995,肆二一
5996,肉丁豆角包
5997,肉包不吃肉
5998,肎之
5999,肖十一莫
6000,肥妈向善
6001,肥娜
6002,肥小香
6003,肥皂有點滑
6004,肥茄子
6005,肥面包
6006,育
6007,背谷 秋善
6008,胜己
6009,胭脂红
6010,胸大闷死鱼
6011,脆甜香蕉干
6012,臧福生
6013,自在wade
6014,舍木氓生
6015,舒仔
6016,舒仪
6017,舒怀的小围脖 (weibo)
6018,舒格
6019,舒舞蕾
6020,舒远
6021,舞
6022,舞人
6023,舞城 王太郎
6024,舞曳悠零
6025,色之羊予沁
6026,色竜庭
6027,艳归康
6028,艾丽的猫
6029,艾乐直
6030,艾依瑶
6031,艾兮兮
6032,艾维斯迪恩
6033,艾艾
6034,艾鱼
6035,芊霓裳
6036,芑落
6037,芒果不黄
6038,芒果酸奶冰
6039,芒梨
6040,芙兰兰
6041,芝いつき
6042,芝士抹茶
6043,芝芝麻酱
6044,芥末君
6045,芥沫
6046,芦一荻二
6047,芦苇木
6048,芩断断
6049,花凛
6050,花吱
6051,花姨
6052,花容月下
6053,花幽山月
6054,花心者
6055,花房
6056,花月月
6057,花有重開月
6058,花果 唯
6059,花柄
6060,花欲燃
6061,花狸子
6062,花生酥糖
6063,花生酱
6064,花花了
6065,花谢
6066,花还没开
6067,花都大少
6068,花酒间
6069,花野リボ
6070,花间一壶酒
6071,花间二狗
6072,花间雪
6073,花黒子
6074,芽中要
6075,苍在笙
6076,苍天白鹤
6077,苍天霸主
6078,苍梧宾白
6079,苍汐落
6080,苍狼望月
6081,苍知
6082,苏七七
6083,苏休s
6084,苏寞
6085,苏小暖
6086,苏小爱
6087,苏念
6088,苏怀荒
6089,苏景闲
6090,苏暖色
6091,苏曼凌
6092,苏月央
6093,苏朵
6094,苏玛丽
6095,苏白miao
6096,苏素
6097,苏紫七
6098,苏茯苓
6099,苏行乐
6100,苏词里
6101,苏诺锦
6102,苏辜
6103,苏钱钱
6104,苏闲佞
6105,苏静初
6106,苑雲鬼九
6107,苓心
6108,苗亦有秀
6109,苗原一
6110,若明翼
6111,若桜なお
6112,若水琉璃
6113,若香幽兰
6114,苦修人生
6115,英姿颯爽
6116,英杜
6117,英雄譚
6118,苹果
6119,苹果儿
6120,茂木鈴
6121,茉雪ゆえ
6122,茜たま
6123,茜菫
6124,茨木野
6125,茫茫云海
6126,茴笙
6127,茶トラ
6128,茶山几
6129,茶查查
6130,茶柱一号
6131,茶浅芜言
6132,茶茶花開
6133,茶蘼
6134,荆棘命
6135,草乃葉オウル
6136,草包包
6137,草根
6138,草燈大人
6139,草莓一碗
6140,草莓味的写写
6141,草莓胖次酱
6142,草莓蛋糕
6143,荊柯守
6144,荒三水
6145,荒木シオン
6146,荣小荣
6147,荣青
6148,荨秣泱泱
6149,荷叶心
6150,荷尖角（焱蕖）
6151,荷梗田田
6152,荷风渟
6153,荷鴣
6154,荼靡泪
6155,莉莉薇
6156,莊molly
6157,莫仁
6158,莫入江湖
6159,莫土
6160,莫如归
6161,莫心伤
6162,莫忘初心
6163,莫晓贤
6164,莫晨欢
6165,莫然漂
6166,莫縈
6167,莫萦
6168,莫西辞
6169,莫言殇
6170,莫里
6171,莫里_
6172,莫顏
6173,莫颜
6174,莫颜希
6175,莫默
6176,莲兮莲兮
6177,莲妖银夜
6178,莲花郎面
6179,莲鹤夫人
6180,菅原とし
6181,菊文字
6182,菊长大人
6183,菜鸟之下
6184,菟丝子
6185,菠菜菜菜菜菜\xa0
6186,菩提苦心
6187,華
6188,華園とうふ
6189,華宮ルキ
6190,華宮ルキ (扇レンナ)
6191,華藤えれな
6192,菱川さかく
6193,菱影代理
6194,菲妍
6195,菲生
6196,萋萋鹦鹉洲
6197,萌动
6198,萌堂
6199,萌萌哒的铁匠
6200,萌萌的雁雁
6201,萝卜兔子
6202,萧七爷
6203,萧如瑟
6204,萧安阳
6205,萧小歌
6206,萧恨水
6207,萧憬
6208,萧枝惜
6209,萧潜
6210,萧玄武
6211,萧瑟良
6212,萧瑾瑜
6213,萧舒
6214,萧萧清歌
6215,萧辰
6216,萧酒酒
6217,萧鼎
6218,萩鵜アキ
6219,萬支
6220,萱草
6221,萱草1
6222,萱草妖花
6223,落亦雪
6224,落叶知凉
6225,落合祐輔
6226,落月儿
6227,落欢而逃
6228,落花生
6229,落跑王子
6230,落雁城
6231,葉山宗次郎
6232,葉月 文
6233,葉月クロル
6234,葉月双
6235,葉月秋水
6236,葉村哲
6237,葉柚
6238,葉雙
6239,葉雪
6240,葛圣洁
6241,葛生zhong
6242,葡萄
6243,葬心未亡人
6244,葵せきな
6245,葵大和
6246,葵居ゆゆ
6247,葵川真衣
6248,葵花砸
6249,蒋湘
6250,蒙白
6251,蒙面小番茄
6252,蒲公英妖精
6253,蒸留ロメロ
6254,蒸蒸与上
6255,蒹葭妮子
6256,蒼乃白兎
6257,蒼井村正
6258,蒼井美紗
6259,蒼伊
6260,蒼月
6261,蒼月浩二
6262,蒼枝
6263,蒼空チョコ
6264,蒼蟲夕也
6265,蓝华月
6266,蓝幽若
6267,蓝晶.qd
6268,蓝淋
6269,蓝白格子
6270,蓝白的天
6271,蓝白色
6272,蓝缪
6273,蓝胖
6274,蓝色狮
6275,蓝艾草
6276,蓝莓爱芝士
6277,蓝领笑笑生
6278,蓝颜岚
6279,蓬莱客
6280,蓮水えるか
6281,蓮蕊
6282,蓮見圭輔
6283,蔡康永
6284,蕗字 歩
6285,蕭九
6286,蕭歌
6287,蕭逸
6288,薄明
6289,薄暮冰轮
6290,薄月栖烟
6291,薄桃
6292,薄汗轻衣透
6293,薄荷貓
6294,薏蓝
6295,薔薇色の日々
6296,薛泞
6297,薪意
6298,薪火之王
6299,藍上陸
6300,藍多
6301,藍川\u3000潤
6302,藍戸優紀
6303,藍敦
6304,藍旗左衽
6305,藍淋
6306,藍澤建
6307,藍狐
6308,藍藤 唯
6309,藍藤遊
6310,藍蜜 紗成
6311,藏姝
6312,藤ハーレム大好き乃介
6313,藤乃原あきひら
6314,藤原あみ
6315,藤原チワ子
6316,藤原欣
6317,藤原都斗
6318,藤咲実佳
6319,藤咲慈雨
6320,藤孝剛志
6321,藤宮カズキ
6322,藤山素心
6323,藤川 恵蔵
6324,藤木わしろ
6325,藤村 由紀
6326,藤森フクロウ
6327,藤沢みや
6328,藤花琅
6329,藤萝为枝
6330,藤谷ある
6331,藤谷燈子
6332,蘅楹
6333,蘇南
6334,蘇我捨恥
6335,蘇棠
6336,蘑菇面人
6337,蘭芝
6338,蘿蔔上秤
6339,虎月
6340,虎根貴寒
6341,虎眸
6342,虎馬チキン
6343,虚鸣
6344,虞人美
6345,虞薇
6346,虫2
6347,虹色揚羽
6348,虾写
6349,虾米xl
6350,虾虾
6351,虾黃堡
6352,蚂蚁上树
6353,蚕茧里的牛
6354,蛇发优雅
6355,蛇吞鲸
6356,蛇苹谨一
6357,蛇蝎点点
6358,蛊真人
6359,蛋白
6360,蛋黄色的忧伤
6361,蛙田あめこ
6362,蛤蟆大王
6363,蛸山烏賊ノ介
6364,蛾非
6365,蜀七
6366,蜀客
6367,蜀椒
6368,蜜悅
6369,蜜柑。
6370,蜜汁扣肉
6371,蜜見
6372,蜡米兔
6373,蝉川タカマル
6374,蝉川夏哉
6375,蝙蝠饭团
6376,蝴蝶公爵
6377,蝴蝶法师
6378,蝴蝶糖霜
6379,蝴蝶蓝
6380,蝶之灵
6381,蝶之靈
6382,蝶弄足
6383,蝶戀花花戀蕊
6384,蝸牛くも
6385,蟹总
6386,血儿
6387,血染丹枫
6388,血烟天照
6389,血珊瑚
6390,血红
6391,衣笠彰梧
6392,衣落成火
6393,袁滚滚
6394,袖侧
6395,袖唐
6396,袖里箭
6397,裃左右
6398,装盘烤鱼
6399,裏おきな
6400,裏側ざん
6401,裏路地
6402,裕夢
6403,裤衩
6404,裸奔的馒头
6405,褚迟
6406,西 条陽
6407,西の果ての ぺろ
6408,西京子
6409,西南花
6410,西去的枪侠
6411,西子情
6412,西子绪
6413,西尾 維新
6414,西岚
6415,西方经济学
6416,西来
6417,西柚木木
6418,西根羽南
6419,西母娘娘
6420,西淅
6421,西澜兮
6422,西瓜星人
6423,西瓜炒肉
6424,西瓜皮大盟主
6425,西眠
6426,西窗白
6427,西羚墨
6428,西西fer
6429,西西东东
6430,西西特
6431,西贝猫
6432,西都涼
6433,西野向日葵
6434,西陵冥
6435,西青先生
6436,西风紧
6437,要离刺荆轲
6438,覆手
6439,见归舟
6440,见鲸落
6441,观书不语真君子
6442,观棋
6443,觅九寻
6444,言归正传
6445,言朝暮
6446,言泠
6447,設楽英一
6448,詩乃彩華
6449,語部マサユキ
6450,謙末子
6451,謙虚なサークル
6452,識原\u3000佳乃
6453,識島果
6454,護玄
6455,讨酒的叫花子
6456,记不住名
6457,许半仙
6458,许清让
6459,许鱼
6460,诡术妖姬
6461,诡霜
6462,语又菱
6463,语笑阑珊
6464,误道者
6465,说不得大师
6466,说梦者
6467,请叫我山大王
6468,请君莫笑
6469,诸君肥肥
6470,诸生浮屠
6471,诸葛扇
6472,诸葛锦
6473,读书之人
6474,谁家mm
6475,谁赋深情
6476,谋生任转蓬
6477,谜大帅
6478,谢亦
6479,谷崎トルク
6480,谷村にじゅうえん
6481,豆子很忙
6482,豆子惹的祸
6483,豆沙果果
6484,豆狸
6485,豆腐畑x
6486,豆荚张
6487,豆豆白
6488,象八亿
6489,貓毛儒
6490,貓眼黃豆
6491,賀東招二
6492,賽子ちい華
6493,賽目和七
6494,贝小爱
6495,贝昕
6496,贝贝贝
6497,负是非
6498,贪睡的龙
6499,贫僧爱喝酒
6500,贫嘴小丫头
6501,贰十三
6502,贰爷
6503,贰花
6504,贱走偏锋
6505,贺兰央央
6506,贾思特杜
6507,资产暴增
6508,赋格
6509,赤だし滑子
6510,赤ポスト
6511,赤丈聖
6512,赤井まつり
6513,赤城大空
6514,赤川ミカミ
6515,赤池宗
6516,赤焰圣歌
6517,赤焰龙神
6518,赤石 赫々
6519,赤紫十色
6520,赤脚下的路
6521,赤途碧
6522,赤野あかい
6523,赤野用介
6524,赤金武蔵
6525,走天家的少女
6526,走过青春岁月
6527,赵乾乾
6528,赵史觉
6529,赵四小妞
6530,赵玺宝
6531,起个名那么难
6532,起酥面包
6533,起飞的大象
6534,超三元豚
6535,超大白
6536,超灵的佑子
6537,超爽黑啤
6538,超电磁炉
6539,超级小胖
6540,越人歌
6541,足高たかみ
6542,跃千愁
6543,跑盘
6544,跑酷天才
6545,路人家
6546,路人飞
6547,路嘻法
6548,路寒
6549,路归途
6550,跳动的硬币
6551,跳神3
6552,跳舞
6553,踊る毒林檎
6554,踏雪真人
6555,身中剧毒
6556,軟糖糖
6557,軽井広
6558,輕風白楊
6559,车厘酒
6560,轩辕悬
6561,转角吻猪
6562,软妹的黄瓜
6563,软软很萌
6564,轻云淡
6565,轻泉流响
6566,轻言
6567,轻语江湖
6568,轻风白杨
6569,辛夷塢
6570,辛白
6571,辰一十一
6572,辰东
6573,辰小白
6574,辰慕兒
6575,辰机唐红豆
6576,辰燃
6577,边想
6578,边连
6579,辻仁成
6580,辻本ゆんま
6581,辻村 七子
6582,达令猫屋
6583,达尔文抄君
6584,迁衍
6585,过关斩将
6586,过路人与稻草人
6587,迎阳
6588,这才是永远
6589,远上白云间
6590,远方耳朵
6591,远景
6592,远灵
6593,远瞳
6594,远行的墨客
6595,连朔
6596,连欣
6597,连玦
6598,连艺
6599,迟小爷
6600,迷井豆腐
6601,迷鹿
6602,追川矢拓
6603,追求梦想的蛤蟆
6604,退戈
6605,送君十里
6606,逆又練物
6607,逆水之叶
6608,逆水舟
6609,逆流的沙
6610,逆签
6611,逆苍天
6612,逆蒼天
6613,逍夜
6614,逍遥红尘
6615,逐沒
6616,通りすがりの村人
6617,通吃道人
6618,逢坂なつめ
6619,逢沢大介
6620,進行諸島
6621,逸烛
6622,遊爆民。
6623,道在不可鸣
6624,道玄
6625,道草家守
6626,道门老九
6627,遠藤 周作
6628,遠野九重
6629,遥月
6630,邈邈一黍
6631,邊想
6632,邑上主水
6633,邓天
6634,那一只蚊子
6635,那一抹绯红
6636,那时烟花
6637,那羽都レン
6638,邹墨
6639,邹涅
6640,邻家大姐姐
6641,郁桢
6642,郁真羽
6643,郁紫紫
6644,郁雨竹
6645,郑丰
6646,郝乐予
6647,郝景芳
6648,都尉q
6649,都市猎人
6650,都神樹
6651,酒厘子
6652,酒小七
6653,酒弋
6654,酒暖春深
6655,酒池醉
6656,酒煮核弹头
6657,酒矣
6658,酒窝
6659,酥小酒
6660,酥心糖小甜饼
6661,酥油饼
6662,酱子贝
6663,酱酱吃瓜
6664,醉也真
6665,醉书南飞
6666,醉卧天下
6667,醉卧笑伊人
6668,醉又何妨
6669,醉太平
6670,醉如归
6671,醉心红颜
6672,醉时容笑
6673,醉染轻歌
6674,醉梦凡尘
6675,醉梦轻狂
6676,醉樱落
6677,醉虎
6678,醉风流
6679,醉饮长歌
6680,采舟伴月
6681,采薇言归
6682,里村詩音
6683,野人
6684,野山\u3000歩
6685,野有死鹿
6686,野村美月
6687,野深
6688,野羊まひろ
6689,野良うさぎ(うさこ)
6690,金元宝
6691,金刚圈
6692,金十四钗
6693,金发loli多傲娇
6694,金夜无眠
6695,金帛火皇
6696,金平糖
6697,金绾绾
6698,金铃动
6699,金银童
6700,金银花露
6701,金鞍玉勒
6702,金魚
6703,金鱼的心跳
6704,釜飯より生まれし男
6705,鈴元 香奈
6706,鈴木 カタル
6707,鈴木いち
6708,鈴木レモン
6709,鈴木大輔
6710,鉄箱
6711,銀三〇（ゆだ）
6712,銀月
6713,銀杏しおり
6714,銀杏鹿
6715,銀狐
6716,銀翼のぞみ
6717,銀麦
6718,錆び匙
6719,錢莉芳
6720,錦凰
6721,錬金王
6722,鍋敷
6723,鎌原 や裕
6724,鎌池和馬
6725,鏑木うりこ
6726,鏑木ナチ
6727,鏑木ハルカ
6728,鏡裕之
6729,鏡遊
6730,鐘森千花伊
6731,针虾
6732,钓鱼1哥
6733,钟仅
6734,钟无晴
6735,钟晓生
6736,钦定
6737,钦竹
6738,钱多多
6739,钱爷
6740,铁牛仙
6741,铁锁
6742,铁锅炖大鸭
6743,铁马飞桥
6744,铃鹿
6745,银发死鱼眼
6746,银子
6747,银楼
6748,银狐小音
6749,银瓶
6750,银色子弹
6751,银闪之风
6752,银霜骑士
6753,铿将玫瑰
6754,锋任怨
6755,锦夏末
6756,锦橙
6757,锦沐
6758,锦竹
6759,锦红鸾
6760,锦绣云燃
6761,镂长扇
6762,镜吉祥
6763,镜水
6764,長尾隆生
6765,長岡 マキ子
6766,長曽根モヒート
6767,長月
6768,長月 おと
6769,長月 達平
6770,長月あきの
6771,長著翅膀的大灰狼
6772,長谷川蒼箔
6773,長谷部佐助
6774,長野文三郎
6775,長野雪
6776,长乐思央
6777,长沟落月
6778,长洱
6779,长烟
6780,长生千叶
6781,长生君
6782,长生门
6783,长着翅膀的大灰狼
6784,长策
6785,长腿大叔
6786,长鱼即墨
6787,門司柿家
6788,閑
6789,間\u3000孝史
6790,間宮夏生
6791,関村イムヤ
6792,関根パン
6793,闇の王
6794,门才
6795,闲人二三
6796,闲就青山
6797,闲狐雅意
6798,闵然
6799,阑珊的灯火
6800,阴天神隐
6801,阿井妹妹
6802,阿厚
6803,阿娣
6804,阿宁儿
6805,阿彩
6806,阿明明
6807,阿瑜小郎君
6808,阿白不白
6809,阿纲纪事
6810,阿茹
6811,阿豆
6812,阿辞姑娘
6813,阿都
6814,阿铃
6815,阿阮有酒
6816,阿黑黑黑
6817,陆凌零
6818,陆晓果
6819,陆轻筠
6820,陆过打酱油的
6821,陈七默
6822,陈京胜
6823,陈森森
6824,陈瑞
6825,陈词懒调
6826,陌上青石
6827,陌烟
6828,陌荨
6829,陌路行
6830,陌陌不语茶
6831,限
6832,陛下不上朝
6833,陶之萧萧
6834,陶夜
6835,陽乃優一
6836,陽光小葉
6837,陽山純樹（純魔）
6838,陽巻
6839,陽日
6840,陽澄すずめ（すずひめ）
6841,随侯珠
6842,随宇而安
6843,随散飘风
6844,随月听雨
6845,随波逐流
6846,随疯而来
6847,隐约点
6848,隔壁江叔叔
6849,隔窗云雾
6850,隨宇而安
6851,雁南妃
6852,雁过吾痕
6853,雁骨
6854,雅寐
6855,雏田的白眼
6856,雕雕子
6857,雛／汐邑雛
6858,雨下的好大
6859,雨中梧桐
6860,雨凉
6861,雨初白
6862,雨十汐
6863,雨宮あめ
6864,雨宮和希
6865,雨山凉声
6866,雨川水海
6867,雨川透子
6868,雨暮浮屠
6869,雨未寒
6870,雨森たきび
6871,雨水
6872,雨璇儿
6873,雨田君
6874,雨田心于
6875,雨疏影
6876,雨落轻尘
6877,雨蛙ミドリ
6878,雨野千晴
6879,雨雾小甜饼
6880,雨音恵
6881,雪下金刀
6882,雪之羽时之风
6883,雪仁
6884,雪兎ざっく
6885,雪刀
6886,雪千寻
6887,雪原幽灵
6888,雪山岚
6889,雪山肥狐
6890,雪永真希
6891,雪满弓刀
6892,雪澜
6893,雪灵之
6894,雪的印迹
6895,雪耶
6896,雪莉
6897,雪見
6898,雪野みゆ
6899,雪鸾歌
6900,雪默
6901,雲中岳
6902,雲居瑞香
6903,雲巅|游鱼
6904,雲月
6905,雲雀湯
6906,雲霏霏
6907,零下九十度
6908,零度
6909,零洛殇
6910,零百
6911,零落成泥
6912,雷云风暴
6913,雷恩那
6914,雷文d维克萨斯
6915,雷米
6916,雷舞 蛇尾
6917,雾下菘
6918,雾十
6919,雾矢翊
6920,震電みひろ
6921,霉干菜烧饼
6922,霜月 彰男
6923,霜月緋色（ステロイド使用中）
6924,霜月零
6925,霜水無
6926,霞
6927,霞京介
6928,霞律
6929,霞飞双颊
6930,霧島まるは
6931,霧崎雀
6932,霧矢風月
6933,露湿琅玕影
6934,霸蛋总裁
6935,青丘千夜
6936,青之月
6937,青光楚辞
6938,青凌
6939,青叶7
6940,青太白
6941,青妃意
6942,青子
6943,青季 ふゆ
6944,青山\u3000有
6945,青山埋白骨
6946,青山有季
6947,青山白松
6948,青山荒冢
6949,青幕山
6950,青律
6951,青扇
6952,青春无痕
6953,青杜六九
6954,青柳朔
6955,青梅酱
6956,青椒拌皮蛋
6957,青椒蝙蝠盖饭
6958,青水龍
6959,青海野 灰
6960,青浼
6961,青湖醉
6962,青灯
6963,青猫 草々
6964,青猫团
6965,青玉案否
6966,青石细语
6967,青空乐章
6968,青空大魔王
6969,青端
6970,青竹叶
6971,青罗扇子
6972,青色羽翼
6973,青花燃
6974,青葶动漫
6975,青行萤草
6976,青衣画墨
6977,青衫
6978,青衫取醉
6979,青衫落拓
6980,青野海鳥
6981,青镜里
6982,青青叶
6983,青青子
6984,青青子衿
6985,青青谁笑
6986,青鸾峰上
6987,静官
6988,静望枫雪
6989,静水边
6990,静沫人生
6991,静秋
6992,静舟小妖
6993,靜夜寄思
6994,非公開
6995,非刀
6996,非天夜翔
6997,非期而然
6998,非玩家角色
6999,靠靠
7000,靡宝
7001,靡寶
7002,面北眉南
7003,面粉在找水
7004,韩降雪
7005,韩雨灵
7006,音無奏
7007,音無砂月
7008,顎木あくみ
7009,顧雪柔
7010,项庭生
7011,须尾俱全
7012,顽皮本尊
7013,顾三章
7014,顾三跃
7015,顾之君
7016,顾了之
7017,顾南西
7018,顾小念
7019,顾承淮
7020,顾染锦
7021,顾桥
7022,顾楚
7023,顾漫
7024,顾耳
7025,顾西爵
7026,颓
7027,颓废的烟121
7028,颓废龙
7029,颜凉雨
7030,颜若优雅
7031,風井明日香
7032,風凝雪舞
7033,風弄
7034,風来山
7035,風波 しのぎ
7036,風祭 風利
7037,風祭おまる
7038,風羽洸海
7039,風船のな
7040,風見くのえ
7041,風見鳩
7042,風見鶏
7043,風間 シンヤ
7044,風間レイ
7045,风一色
7046,风与天幕
7047,风与自然
7048,风中的哀伤
7049,风会笑
7050,风光
7051,风光霁月
7052,风凌天下
7053,风华凄凄
7054,风华如故
7055,风吹南方
7056,风太冷了
7057,风宸雪
7058,风弄
7059,风御九秋
7060,风情万种
7061,风断青衣渡
7062,风无极光
7063,风月
7064,风歌且行
7065,风流书呆
7066,风满烟澜
7067,风狂笑
7068,风琉璃的夏天
7069,风的铃铛
7070,风的饺子
7071,风短短
7072,风舲
7073,风荷游月
7074,风行烈
7075,风起天阑
7076,风起涟漪
7077,风轻扬
7078,风间名香
7079,风雅
7080,风雨天下
7081,风露沁酒
7082,风青阳
7083,风骚骚骚骚骚
7084,飘阿兮
7085,飛野猶
7086,飛鳥けい
7087,飞天鱼
7088,飞奔的小蜗牛
7089,飞氘
7090,飞烟
7091,飞舞激扬
7092,飞飞飞飞
7093,飞骑千里
7094,食堂包子
7095,食肉喵
7096,飯塚ヒロアキ
7097,飯田 栄静
7098,飯田実樹
7099,飴月
7100,餅月望
7101,餡玉(あんたま)
7102,饕吞
7103,饕餮居士
7104,饕餮父子
7105,饭掌柜
7106,饮尔
7107,饶雪漫
7108,首初
7109,香月 みと
7110,香月航
7111,香柚
7112,香芋奶茶
7113,香蕉气吁吁
7114,香龙血树
7115,馨婧
7116,馬語孝
7117,馬路まんじ
7118,駆逐ライフ
7119,駱駝
7120,马伯庸
7121,马口铁
7122,马户子君
7123,马鹿君
7124,驿使
7125,驿路羁旅
7126,骁骑校
7127,骆天狼
7128,骊逐
7129,骑马钓鱼
7130,骑鲸南去
7131,骨媣
7132,骷髅d修罗
7133,骷髅精灵
7134,高光晶
7135,高冷的沐小婧
7136,高台树色
7137,高坡
7138,高岡智空
7139,高峰 翔
7140,高巻 柚宇
7141,高手
7142,高拙音
7143,高擎
7144,高柳神羅
7145,高根沢あるみ
7146,高楼大厦
7147,高橋びすい
7148,高橋弘
7149,高殿円
7150,高波一乱
7151,高瀬めぐみ
7152,高田 大介
7153,高菜あやめ
7154,高萩
7155,高見梁川
7156,高遠ユウ
7157,高野\u3000ケイ
7158,鬱沢色素
7159,鬼ノ城ミヤ
7160,鬼半京
7161,鬼君
7162,鬼影スパナ
7163,鬼斗
7164,鬼芸
7165,鬼頭鬼灯
7166,魂火
7167,魅夜水草
7168,魅骨
7169,魏承澤
7170,魔君嗜肉
7171,魔女恩恩著
7172,魔安
7173,魔性沧月
7174,魔王攻
7175,魔王桑桑
7176,魔王西蒙
7177,魔石の硬さ
7178,魔道弟子
7179,鰤／牙
7180,鱼不语
7181,鱼丸酱醋米
7182,鱼之水
7183,鱼人二代
7184,鱼仔仔
7185,鱼昆子
7186,鱼的天空
7187,鱼霜
7188,鱼香肉丝
7189,鱼香肉丝包
7190,鲁力
7191,鲁引弓
7192,鲜仙
7193,鲜橙
7194,鲜虾蟹黄焗饭
7195,鲥鱼多刺
7196,鲨鱼子
7197,鲨鱼辣椒
7198,鲸叹叹
7199,鲸风
7200,鳥居羊
7201,鳥羽 徹
7202,鳩村衣杏
7203,鳳ナナ
7204,鳳九幽
7205,鳳石生
7206,鳳輕
7207,鳴沢明人
7208,鴉語三千
7209,鴨志田一
7210,鴨野\u3000うどん
7211,鶏冠 勇真
7212,鶫
7213,鶴城東
7214,鷹司
7215,鷹山英則
7216,鷹羽飛鳥
7217,鸣时雨
7218,鸦六
7219,鸦青辞
7220,鸽子馒头
7221,鹅是老五
7222,鹏成万里
7223,鹤飞腾
7224,鹿ノ倉いるか
7225,鹿拾
7226,鹿時安
7227,鹿焰
7228,鹿角フェフ
7229,鹿随
7230,麒soft
7231,麟潜
7232,麦酒
7233,麻呂
7234,麻婆
7235,麻日 珱
7236,麻日珱
7237,麻美ヒナギ
7238,黃泉二三
7239,黄云千里啊
7240,黄华益
7241,黄昏人
7242,黄易
7243,黄枫雨天
7244,黄泉二三
7245,黄波戸井ショウリ
7246,黄眉猫
7247,黄芒
7248,黄落碧泉
7249,黄龙
7250,黎明c
7251,黎明苏打子
7252,黑乎乎的老妖
7253,黑土冒青烟
7254,黑夜de白羊
7255,黑夜弥天
7256,黑子哲
7257,黑山老鬼
7258,黑川则
7259,黑影
7260,黑心蘋果
7261,黑暗狗熊
7262,黑暗荔枝
7263,黑水白山
7264,黑洁明
7265,黑烟滚滚
7266,黑猫夜枭
7267,黑猫州长
7268,黑猫白白
7269,黑猫白袜子
7270,黑猫睨睨
7271,黑白劍妖
7272,黑眼圈先森
7273,黑瞳王
7274,黑礁商会房东
7275,黑籍
7276,黑色墨汁
7277,黑色火种
7278,黑色的羽翼
7279,黑色禁药
7280,黑色花灯
7281,黑蛋白
7282,黑衣守墓人
7283,黑衣守夜人
7284,黑袍
7285,黒
7286,黒うさぎ
7287,黒おーじ
7288,黒き瞳
7289,黒井雛
7290,黒名ユウ
7291,黒塔真実
7292,黒夢
7293,黒山 羊
7294,黒岩
7295,黒川 天理
7296,黒川天理
7297,黒影たかし
7298,黒木メイ
7299,黒杉くろん
7300,黒水蛇
7301,黒湖 クロコ
7302,黒犬神
7303,黒田 研二
7304,黒留ハガネ
7305,黒胡椒
7306,黒辺あゆみ
7307,黒鉛
7308,黒頭白尾
7309,默婉儿
7310,默小水
7311,默沫0
7312,默言沐
7313,黛妃
7314,黛蜜儿
7315,鼈甲飴雨
7316,鼻から牛肉／樋辻臥命
7317,齐佩甲
7318,齐可休
7319,齐成琨
7320,齐楚
7321,齐离霄s
7322,龍央
7323,龍翠
7324,龙大人
7325,龙女夜白
7326,龙柒
7327,龙王的贤婿
7328,龙珠东元
7329,龙笔
7330,龙行大家
7331,龚心文
7332,가람달
7333,가빈지
7334,가온길
7335,가온나라빛
7336,가우리
7337,간짜장
7338,갈색문
7339,강녹두
7340,강무원
7341,강산 (江山)
7342,강선우
7343,강연수
7344,강윤결
7345,강이서
7346,강찬
7347,강철신검
7348,강희자매
7349,개벽 s
7350,거기치킨좀
7351,건두부
7352,걸검
7353,검성고길동
7354,겨울 잎
7355,겨울잎
7356,견우
7357,경우
7358,계자
7359,고동남
7360,고두열
7361,고렘
7362,고삐
7363,고수김치
7364,고양이토끼
7365,고요한
7366,고은명
7367,고은채
7368,곰돌이부우
7369,공든탑
7370,공수교대
7371,공은화
7372,공평
7373,과앤
7374,과엔
7375,곽두팔
7376,구로수번
7377,구름에 숨은 달
7378,국뽕
7379,군청주단
7380,궁에꽃
7381,권겨을
7382,권라엘
7383,권이은
7384,그고자자
7385,그린웨일
7386,그림자꾼
7387,그웬돌린
7388,근서
7389,글
7390,글 가디록
7391,글 루크라
7392,글 켠우
7393,글달쌉
7394,글럼프
7395,글리제
7396,글뽑는자판기
7397,글쓰냐
7398,글쟁이s
7399,글지놓
7400,금 눈새
7401,금 은하
7402,금귀
7403,금나루
7404,금보리
7405,금은하
7406,기국량
7407,기월월
7408,길밖의새
7409,김강현
7410,김누아르
7411,김다함
7412,김다현
7413,김라움
7414,김로니
7415,김미유
7416,김빠
7417,김빵
7418,김뽀삐
7419,김산정
7420,김살구
7421,김선유
7422,김수지
7423,김애정
7424,김영지
7425,김욤뇸
7426,김이룬
7427,김정률
7428,김주광
7429,김지아
7430,김지유
7431,김차차
7432,김촉촉
7433,김코끼리
7434,김태현
7435,김형준
7436,까망까망
7437,꽃니랑
7438,꾸꾸즈
7439,꿀끼
7440,꿀물
7441,꿀밤비
7442,꿀이흐르는
7443,꿈결나무
7444,나르얀
7445,나를혜
7446,나민
7447,나민채
7448,나비 계곡
7449,나야
7450,나유혜
7451,나태한상념
7452,낙하산
7453,남망사
7454,남양군
7455,남희성
7456,낭선
7457,냉장고1
7458,냥이와 향신료
7459,넉울히
7460,네르비
7461,네모라밍
7462,노경찬
7463,노쓰우드
7464,노희다
7465,녹기
7466,녹끼
7467,녹안
7468,녹타
7469,누오바
7470,니니양
7471,니콜로
7472,다나
7473,다나안
7474,다라빛
7475,다롱꽃
7476,다비다
7477,다원
7478,다정담
7479,다하린
7480,단디
7481,단란
7482,단리한
7483,단야(丹夜)
7484,단해늘
7485,달공방
7486,달달하게
7487,달리한
7488,달빛유령
7489,달빛을가르는빗방울
7490,달새울
7491,달슬
7492,달콤j
7493,담적단
7494,대딩의삶
7495,대문호
7496,댄킴
7497,댕게
7498,더닛
7499,데미지
7500,데미칼린
7501,도나기
7502,도도래미
7503,도동파
7504,도레다
7505,도비의꿈
7506,도서관식객
7507,도웅
7508,도위
7509,도장공인
7510,독거미sp
7511,독연
7512,동전반지
7513,동전파스
7514,동쪽사람
7515,드림아뜰리에
7516,디다트
7517,디에로즈
7518,디키탈리스
7519,뚜또리
7520,뜅굴이
7521,라나
7522,라노브
7523,라닐슨생
7524,라라
7525,라미k
7526,라벤더블루
7527,라비올리
7528,라스cca
7529,라엘
7530,라온 바람
7531,라인히어
7532,라치크
7533,라티네
7534,람글
7535,람빗
7536,랏슈
7537,레고밟았어
7538,레몬개구리
7539,레오프릭
7540,레팔진프
7541,렌슈
7542,렐레
7543,렘티
7544,로드워리어
7545,로렐라이
7546,로사린
7547,로서하
7548,로시원
7549,로열b
7550,로유진
7551,로즈라인
7552,로즈베네
7553,로튼애플
7554,로판
7555,로판sisse
7556,롹끼
7557,루로
7558,루시
7559,루이비
7560,룬
7561,룹타
7562,류란
7563,류세린
7564,류송
7565,류주연
7566,류향
7567,류호성
7568,류희온
7569,르릅
7570,리나리아l
7571,리베라니마
7572,리사벨
7573,리샤
7574,리아 란
7575,리아란
7576,리키
7577,리키타
7578,리휘안
7579,린아
7580,린아 (潾娥)
7581,린아(潾娥)
7582,린지
7583,릴다
7584,마교졸개
7585,마뇽
7586,마랭
7587,마르고트
7588,마셰리
7589,마스네s
7590,마약젤리
7591,마지노선
7592,막쓰는계정
7593,만다라
7594,맛김
7595,망고킴
7596,매드럼
7597,멈뭄
7598,메나닉
7599,메론티
7600,메슬로우
7601,메켄로
7602,멜루스
7603,명마
7604,명초
7605,모조
7606,모조조조
7607,모카판나
7608,목감기
7609,목노보단
7610,목마
7611,목현
7612,몽슈
7613,몽연
7614,몽탕
7615,무소
7616,무연
7617,무장
7618,묵종
7619,문백경
7620,문설아
7621,문스톤
7622,문시현
7623,물의백작
7624,물푸울
7625,뮤제
7626,미나토
7627,미래나비
7628,미반탄
7629,미스터쿼카
7630,민들레와인님
7631,민수
7632,민수珉洙
7633,민트란
7634,민트맛맥콜
7635,민트초코홍차
7636,밀차
7637,밋미
7638,밍부뭉
7639,바가지
7640,바나바다
7641,바람꽃잎
7642,바람이고픈
7643,바믜
7644,바밀씨
7645,바이젠
7646,박건
7647,박귀리
7648,박깃털
7649,박도토리
7650,박락원
7651,박록주
7652,박미나
7653,박민규
7654,박성호
7655,박소연
7656,박수정
7657,박승아
7658,박승연
7659,박신우
7660,박약초
7661,박오
7662,박오롯
7663,박해늘
7664,박해담
7665,박희영
7666,반달반지
7667,발기해서생긴일
7668,밤비
7669,밤오렌지
7670,밤의 호랑이
7671,배고픈
7672,배고픈 판다
7673,배고픈밤
7674,배고픈판다
7675,배와곰
7676,배지아
7677,백단
7678,백덕수
7679,백목란
7680,백묘
7681,백서하
7682,백설은
7683,백설홍
7684,백소나
7685,백수귀족
7686,백이들
7687,백일홍
7688,백청명
7689,베가
7690,벼르치
7691,벽시계
7692,별규
7693,별림서
7694,별볆볆별명
7695,별보라
7696,보랏빛마을
7697,보헤미아
7698,볼빵이
7699,봄볕의기억
7700,봄티
7701,부회장
7702,불탄닷
7703,블루다이버
7704,블루라군
7705,블루밍부케
7706,비가
7707,비르다
7708,비츄
7709,빈 방에서 고래를 꿈꾸다
7710,뺩
7711,뽀짝햄스터
7712,뽕따맛스크류바
7713,삑삑삑
7714,사글세
7715,사다듬
7716,사도연
7717,사라진
7718,사바트
7719,사보이. g
7720,사슴묘묘
7721,사월생
7722,사탕수수
7723,사하
7724,산경
7725,산소비
7726,산지직송
7727,산천
7728,산호초
7729,살오른곱등이
7730,삼각
7731,삼락검
7732,삼백화
7733,삼오
7734,삼월
7735,삼족섬
7736,새먼베리
7737,새벽끝
7738,새실
7739,샤무아
7740,서가린
7741,서결
7742,서귀조
7743,서글픈빻빻이
7744,서단우
7745,서담연
7746,서루
7747,서소민
7748,서수민
7749,서예림
7750,서유아
7751,서은
7752,서정윤
7753,서진현
7754,서현
7755,서혜은
7756,서휘령
7757,서휘지
7758,선운
7759,선움
7760,선인장토끼
7761,설단희
7762,설이린
7763,설이수
7764,성난불기둥
7765,성진
7766,성혜림
7767,세레나향기
7768,세리안
7769,세사예
7770,세엘리
7771,세은 (메르비스)
7772,세이료우
7773,세하름
7774,세현
7775,센리
7776,셀레네
7777,셀타
7778,소다씨
7779,소림
7780,소별왕
7781,소유현
7782,소이림
7783,소재미
7784,소혜
7785,손가락부러짐
7786,손윤
7787,손인성
7788,손츄니
7789,솔깃
7790,솔땀
7791,솔체
7792,송설림
7793,송이바
7794,송정원
7795,송캐
7796,쇼콜라
7797,수르코프
7798,수박복숭아
7799,수박주스
7800,수비
7801,수색영장
7802,수수
7803,수아
7804,수하수하
7805,숙임
7806,술푸레나무
7807,숨나기
7808,슈가자몽
7809,슈크림빵
7810,슈퍼하양
7811,스캠퍼
7812,스크류뱅 저
7813,스타캔디
7814,스펜서
7815,슬로프
7816,슬리버
7817,시계열
7818,시록보다푸른
7819,시세
7820,시야
7821,시이온
7822,시준
7823,시크릿로사
7824,시하
7825,신 수 아
7826,신갈나무
7827,신노아
7828,신록보다푸른
7829,신박
7830,신새미
7831,신새벽
7832,신서록
7833,신서봄
7834,신솔라
7835,신쌤
7836,신양이
7837,신채온
7838,신하연
7839,신화진
7840,실탄
7841,심약섬
7842,십삼월의새벽
7843,싱숑
7844,싸우전드
7845,쌈마이
7846,썬씨
7847,아길론
7848,아노르이실
7849,아듀
7850,아라(ara)
7851,아라시
7852,아로鴉路
7853,아롱드리
7854,아방깨비
7855,아소나
7856,아스라lin
7857,아이데라
7858,아이럽설
7859,아이박슨
7860,아이시루스
7861,아일린
7862,아페르타
7863,아포카
7864,악중선
7865,안가토
7866,안경원숭이
7867,안시하
7868,안탐미
7869,알마
7870,알브레히트
7871,알파타르트
7872,애디스
7873,애블바디홍삼
7874,앨리스타로
7875,앱트
7876,야식먹는중
7877,야옹이랑
7878,야옹이랑&린아
7879,약삼001
7880,양과람
7881,양치기자리
7882,어도담
7883,어두운글
7884,어연선
7885,어진용
7886,어흥
7887,언늘
7888,언홍시
7889,에기사
7890,에시라
7891,에이비
7892,에취푸엥취
7893,에클레어
7894,엘루앙
7895,엘리아냥
7896,엘리엘라
7897,엘림
7898,여로은
7899,여월
7900,연 제중
7901,연려하
7902,연못맨
7903,연백림
7904,연비
7905,연서나
7906,연서리
7907,연우솔
7908,연재중
7909,연제이
7910,연한
7911,연희연
7912,염비
7913,영비람
7914,영완(映完)
7915,예마로
7916,예훤
7917,오늘도요
7918,오늘봄
7919,오렌
7920,오렌지과즙
7921,오앤
7922,오연
7923,오월비
7924,오윤하
7925,오정
7926,오직재미
7927,온우연
7928,온정
7929,온후
7930,와이번스
7931,왓트
7932,요도
7933,요삼
7934,요정용
7935,용호상박
7936,우각
7937,우드아트
7938,우아연
7939,우엉차
7940,우유양
7941,우윤희
7942,우주의시옷
7943,우주케이크
7944,우주토깽
7945,우지호
7946,우진
7947,운유
7948,움선
7949,웅이바보
7950,원더스
7951,원스토리
7952,원이영
7953,월야-팬텀
7954,윈터벨
7955,윌브라이트
7956,유가현
7957,유나을
7958,유나진
7959,유다루
7960,유래향
7961,유려한
7962,유리솜사탕
7963,유리파도
7964,유린해
7965,유세니
7966,유세유
7967,유소난
7968,유소이
7969,유시얀
7970,유안나
7971,유연
7972,유예랑
7973,유우희
7974,유은비
7975,유이란
7976,유이서
7977,유인
7978,유주
7979,유즈
7980,유지난
7981,유진성
7982,유채
7983,유채화
7984,유포늄
7985,유폴히
7986,유피린
7987,유헌화
7988,윤나
7989,윤달
7990,윤델리코
7991,윤로체
7992,윤린해
7993,윤림
7994,윤백현
7995,윤비밀
7996,윤손
7997,윤슬
7998,윤신현
7999,윤여음
8000,윤온
8001,윤이수
8002,윤준모
8003,윤지은
8004,윤하월
8005,윤현승
8006,율지
8007,은나목
8008,은라겸
8009,은려원
8010,은리화
8011,은밀히
8012,은새로
8013,은서빈
8014,은서정
8015,은소로
8016,은솔림
8017,은유담
8018,은자
8019,은차
8020,은차우
8021,은하담
8022,은해윤
8023,은호
8024,은화린
8025,음란파괴왕
8026,이낙낙
8027,이늬
8028,이니피스
8029,이다홍
8030,이대성
8031,이돌체
8032,이동댐
8033,이동열
8034,이드
8035,이드한
8036,이등별
8037,이로비
8038,이루냥
8039,이른꽃
8040,이린비
8041,이보나
8042,이보라
8043,이브 릴리
8044,이서래
8045,이서한
8046,이소
8047,이수련
8048,이수림
8049,이수백
8050,이슈앤
8051,이아나킴
8052,이영도
8053,이온
8054,이윤아
8055,이은솔
8056,이이리
8057,이인혜
8058,이재익
8059,이지안
8060,이지우
8061,이지하
8062,이창연
8063,이터늘
8064,이투
8065,이프노스
8066,이하론
8067,이하린
8068,이한성
8069,이한이
8070,이현도
8071,이형석
8072,이혜린
8073,이환
8074,이횐
8075,이희호
8076,인덱스
8077,인생은고통
8078,인시
8079,인식론
8080,일계
8081,일황
8082,임서림
8083,임한백
8084,자몽 연어
8085,자미소
8086,자서현
8087,자야
8088,자요
8089,자은향
8090,자카예프
8091,자하
8092,작가 은빛광대
8093,작가 정연
8094,잔영jy
8095,장금아 학교가자
8096,장단조
8097,장량
8098,장명수
8099,장목단
8100,장영훈
8101,장우산
8102,장유나
8103,재겸
8104,쟈화
8105,저수리
8106,전민희
8107,전우영
8108,전후치
8109,정경윤
8110,정구
8111,정룡필
8112,정매실
8113,정선
8114,정선율
8115,정수읠
8116,정시라
8117,정연
8118,정오찬
8119,정용(正龍)
8120,정유나
8121,정윤강
8122,정으뜸
8123,정은수
8124,정지원
8125,정푸른
8126,제과제뼈
8127,제락
8128,제리엠
8129,제비끛따다
8130,제이로빈
8131,제제
8132,제주감귤
8133,제퓨어
8134,조례진
8135,조밀
8136,조선생님
8137,조코피아
8138,조형근
8139,좀비
8140,죄송한취향
8141,주금금
8142,주시하
8143,주아리
8144,주예령
8145,주예호
8146,주월림
8147,주은설
8148,주해온
8149,준예
8150,쥐똥새똥
8151,쥬림
8152,즈옌
8153,지갑송
8154,지미신
8155,지소담
8156,지여수
8157,지점장
8158,진교
8159,진보람
8160,진서
8161,진설우
8162,진세하
8163,진소예
8164,진수윤
8165,진시서
8166,진유(眞鍮)
8167,진유림
8168,진저쿠키
8169,진주하
8170,진희화
8171,집에가고싶다123
8172,차보리
8173,차복희
8174,차서진
8175,차선
8176,차소희
8177,차유로
8178,차은도
8179,차테
8180,찬괭
8181,찬연
8182,채유화
8183,채정연
8184,채지후
8185,채하빈
8186,책도둑
8187,책향기
8188,천의얼
8189,천지혜
8190,천혜랑
8191,철부지마니아
8192,철종금
8193,청명
8194,청송아
8195,청파도
8196,체르티
8197,체심
8198,첼리아케
8199,초록거울
8200,초사
8201,초암
8202,초코냥이
8203,초콜릿라면
8204,촤하하
8205,최덕구
8206,최도도도
8207,최성하
8208,최아리
8209,춈춈
8210,추공
8211,취룡
8212,취몽객
8213,치율
8214,침략자
8215,카넬
8216,카르페xd
8217,카예
8218,칵스
8219,칼퇴병자
8220,칼튼90
8221,캐시미어
8222,캔디소다
8223,커피바닐라
8224,커피펜
8225,컵라면
8226,케이로드
8227,코기베어
8228,코로나
8229,코르카
8230,코오아라
8231,쿠크디스
8232,큐민
8233,크레도
8234,키마님
8235,키아르네
8236,키에
8237,킨
8238,킴스낵
8239,킴펄
8240,타노스
8241,탁리
8242,탈레이아
8243,탈주병
8244,탕
8245,태규
8246,태비의별
8247,태선
8248,톄제
8249,토끼공작
8250,토아산
8251,토이카
8252,퉁구스카
8253,트리플베리
8254,티야베
8255,티카티카
8256,틸다김
8257,틸다킴
8258,틸리빌리
8259,파라포
8260,파란맛솜사탕
8261,파란소파
8262,파란영
8263,파르나르
8264,파뱅이
8265,판미손
8266,팽유정
8267,퍼젤
8268,퍼플애플
8269,펌킨
8270,페로슈
8271,페퍼민트
8272,페페토
8273,펜들리
8274,포기븐
8275,포도마루
8276,포르토피노
8277,포와송
8278,퐁푸딩
8279,푸르미 달빛
8280,프롬헬
8281,프리드리히
8282,플랑비
8283,플랜디
8284,플로나
8285,플루토스
8286,플아다
8287,피오렌티
8288,피제이
8289,피치 파이
8290,피치라떼
8291,피코크블루
8292,필립
8293,하느
8294,하늘가리기
8295,하늘탑
8296,하라쇼
8297,하루후에
8298,하르넨
8299,하안호
8300,하예지
8301,하율
8302,하이마이디어
8303,하일라
8304,한겨울의달리아
8305,한류이
8306,한산이가
8307,한설믜
8308,한설온
8309,한소
8310,한소베
8311,한수영
8312,한시내
8313,한시령
8314,한여울
8315,한유림
8316,한윤설
8317,한이림
8318,한중월야
8319,한해날
8320,핥넝쿨
8321,함초롱
8322,핫식스
8323,항낭
8324,해가든
8325,해강
8326,해꽃
8327,해사
8328,해새새
8329,해여늘
8330,해연
8331,해저500m
8332,햇살수인
8333,허라윤
8334,허사린
8335,형상준
8336,혜돌이
8337,호담
8338,호영
8339,홈키퍼b
8340,홍마노
8341,홍마루
8342,홍세라
8343,홍시안
8344,홍희수
8345,화봉
8346,환미
8347,황금송
8348,황금하르방
8349,황도톨
8350,황시우
8351,황제펭귄
8352,효진
8353,후로스트
8354,휘드리안
8355,흑아인
8356,흙수저
8357,흰냥이
8358,흰너울
8359,흰도요
8360,흰울타리
8361,히니
8362,히세빈
8363,힐돌브
8364,ｌａ軍
8365,ｌｏｓly.hoy
8366,ｓｖ―５１
8367,ｚ人
